id,face_id,timestamp,image_path
1,face_001,2025-07-09 15:04:24,logs\entries\2025-07-09\face_001_150424.jpg
2,face_002,2025-07-09 15:04:24,logs\entries\2025-07-09\face_002_150424.jpg
3,face_003,2025-07-09 15:04:24,logs\entries\2025-07-09\face_003_150424.jpg
4,face_004,2025-07-09 15:04:25,logs\entries\2025-07-09\face_004_150425.jpg
5,face_005,2025-07-09 15:04:25,logs\entries\2025-07-09\face_005_150425.jpg
6,face_006,2025-07-09 15:04:26,logs\entries\2025-07-09\face_006_150426.jpg
7,face_007,2025-07-09 15:04:26,logs\entries\2025-07-09\face_007_150426.jpg
8,face_008,2025-07-09 15:04:27,logs\entries\2025-07-09\face_008_150427.jpg
9,face_009,2025-07-09 15:04:27,logs\entries\2025-07-09\face_009_150427.jpg
10,face_010,2025-07-09 15:04:27,logs\entries\2025-07-09\face_010_150427.jpg
11,face_011,2025-07-09 15:04:28,logs\entries\2025-07-09\face_011_150428.jpg
12,face_012,2025-07-09 15:04:28,logs\entries\2025-07-09\face_012_150428.jpg
13,face_013,2025-07-09 15:04:47,logs\entries\2025-07-09\face_013_150447.jpg
14,face_014,2025-07-09 15:04:52,logs\entries\2025-07-09\face_014_150452.jpg
15,face_015,2025-07-09 15:04:58,logs\entries\2025-07-09\face_015_150458.jpg
16,face_016,2025-07-09 15:05:01,logs\entries\2025-07-09\face_016_150501.jpg
17,face_017,2025-07-09 15:05:24,logs\entries\2025-07-09\face_017_150524.jpg
18,face_018,2025-07-09 15:05:42,logs\entries\2025-07-09\face_018_150542.jpg
19,face_019,2025-07-09 15:05:42,logs\entries\2025-07-09\face_019_150542.jpg
20,face_020,2025-07-09 15:05:47,logs\entries\2025-07-09\face_020_150547.jpg
21,face_021,2025-07-09 15:06:04,logs\entries\2025-07-09\face_021_150604.jpg
22,face_022,2025-07-09 15:06:14,logs\entries\2025-07-09\face_022_150614.jpg
23,face_023,2025-07-09 15:06:14,logs\entries\2025-07-09\face_023_150614.jpg
24,face_024,2025-07-09 15:06:18,logs\entries\2025-07-09\face_024_150618.jpg
25,face_025,2025-07-09 15:06:21,logs\entries\2025-07-09\face_025_150621.jpg
26,face_026,2025-07-09 15:06:28,logs\entries\2025-07-09\face_026_150628.jpg
27,face_027,2025-07-09 15:06:29,logs\entries\2025-07-09\face_027_150629.jpg
28,face_028,2025-07-09 15:06:29,logs\entries\2025-07-09\face_028_150629.jpg
29,face_029,2025-07-09 15:06:32,logs\entries\2025-07-09\face_029_150632.jpg
30,face_030,2025-07-09 15:06:42,logs\entries\2025-07-09\face_030_150642.jpg
31,face_031,2025-07-09 15:06:47,logs\entries\2025-07-09\face_031_150647.jpg
32,face_032,2025-07-09 15:06:58,logs\entries\2025-07-09\face_032_150658.jpg
33,face_033,2025-07-09 15:06:59,logs\entries\2025-07-09\face_033_150659.jpg
34,face_034,2025-07-09 15:07:02,logs\entries\2025-07-09\face_034_150702.jpg
35,face_035,2025-07-09 15:07:03,logs\entries\2025-07-09\face_035_150703.jpg
36,face_036,2025-07-09 15:07:13,logs\entries\2025-07-09\face_036_150713.jpg
37,face_037,2025-07-09 15:07:17,logs\entries\2025-07-09\face_037_150717.jpg
38,face_038,2025-07-09 15:07:18,logs\entries\2025-07-09\face_038_150718.jpg
39,face_039,2025-07-09 15:07:20,logs\entries\2025-07-09\face_039_150720.jpg
40,face_040,2025-07-09 15:07:20,logs\entries\2025-07-09\face_040_150720.jpg
41,face_041,2025-07-09 15:07:27,logs\entries\2025-07-09\face_041_150727.jpg
42,face_042,2025-07-09 15:07:41,logs\entries\2025-07-09\face_042_150741.jpg
43,face_043,2025-07-09 15:07:42,logs\entries\2025-07-09\face_043_150742.jpg
44,face_044,2025-07-09 15:07:48,logs\entries\2025-07-09\face_044_150748.jpg
45,face_045,2025-07-09 15:07:51,logs\entries\2025-07-09\face_045_150751.jpg
46,face_046,2025-07-09 15:07:51,logs\entries\2025-07-09\face_046_150751.jpg
47,face_047,2025-07-09 15:08:07,logs\entries\2025-07-09\face_047_150807.jpg
48,face_048,2025-07-09 15:08:07,logs\entries\2025-07-09\face_048_150807.jpg
49,face_049,2025-07-09 15:08:08,logs\entries\2025-07-09\face_049_150808.jpg
50,face_050,2025-07-09 15:08:22,logs\entries\2025-07-09\face_050_150822.jpg
51,face_051,2025-07-09 15:08:23,logs\entries\2025-07-09\face_051_150823.jpg
52,face_052,2025-07-09 15:08:28,logs\entries\2025-07-09\face_052_150828.jpg
53,face_053,2025-07-09 15:08:47,logs\entries\2025-07-09\face_053_150847.jpg
54,face_054,2025-07-09 15:08:51,logs\entries\2025-07-09\face_054_150851.jpg
55,face_055,2025-07-09 15:08:53,logs\entries\2025-07-09\face_055_150853.jpg
56,face_056,2025-07-09 15:08:57,logs\entries\2025-07-09\face_056_150857.jpg
57,face_057,2025-07-09 15:09:16,logs\entries\2025-07-09\face_057_150916.jpg
58,face_058,2025-07-09 15:09:33,logs\entries\2025-07-09\face_058_150933.jpg
59,face_059,2025-07-09 15:09:34,logs\entries\2025-07-09\face_059_150934.jpg
60,face_060,2025-07-09 15:09:50,logs\entries\2025-07-09\face_060_150950.jpg
61,face_061,2025-07-09 15:09:53,logs\entries\2025-07-09\face_061_150953.jpg
62,face_062,2025-07-09 15:09:58,logs\entries\2025-07-09\face_062_150958.jpg
63,face_063,2025-07-09 15:09:59,logs\entries\2025-07-09\face_063_150959.jpg
64,face_064,2025-07-09 15:10:13,logs\entries\2025-07-09\face_064_151013.jpg
65,face_065,2025-07-09 15:10:14,logs\entries\2025-07-09\face_065_151014.jpg
66,face_066,2025-07-09 15:10:22,logs\entries\2025-07-09\face_066_151022.jpg
67,face_067,2025-07-09 15:10:22,logs\entries\2025-07-09\face_067_151022.jpg
68,face_068,2025-07-09 15:10:33,logs\entries\2025-07-09\face_068_151033.jpg
69,face_069,2025-07-09 15:10:38,logs\entries\2025-07-09\face_069_151038.jpg
70,face_070,2025-07-09 15:10:39,logs\entries\2025-07-09\face_070_151039.jpg
71,face_071,2025-07-09 15:10:50,logs\entries\2025-07-09\face_071_151050.jpg
72,face_072,2025-07-09 15:10:52,logs\entries\2025-07-09\face_072_151052.jpg
73,face_073,2025-07-09 15:10:53,logs\entries\2025-07-09\face_073_151053.jpg
74,face_074,2025-07-09 15:10:58,logs\entries\2025-07-09\face_074_151058.jpg
75,face_075,2025-07-09 15:11:01,logs\entries\2025-07-09\face_075_151101.jpg
76,face_076,2025-07-09 15:11:01,logs\entries\2025-07-09\face_076_151101.jpg
77,face_077,2025-07-09 15:11:06,logs\entries\2025-07-09\face_077_151106.jpg
78,face_078,2025-07-09 15:11:10,logs\entries\2025-07-09\face_078_151110.jpg
79,face_079,2025-07-09 15:11:19,logs\entries\2025-07-09\face_079_151119.jpg
80,face_080,2025-07-09 15:11:21,logs\entries\2025-07-09\face_080_151121.jpg
81,face_081,2025-07-09 15:11:22,logs\entries\2025-07-09\face_081_151122.jpg
82,face_082,2025-07-09 15:11:44,logs\entries\2025-07-09\face_082_151144.jpg
83,face_083,2025-07-09 15:11:48,logs\entries\2025-07-09\face_083_151148.jpg
84,face_084,2025-07-09 15:11:50,logs\entries\2025-07-09\face_084_151150.jpg
85,face_085,2025-07-09 15:11:56,logs\entries\2025-07-09\face_085_151156.jpg
86,face_086,2025-07-09 15:12:03,logs\entries\2025-07-09\face_086_151203.jpg
87,face_087,2025-07-09 15:12:04,logs\entries\2025-07-09\face_087_151204.jpg
88,face_088,2025-07-09 15:12:06,logs\entries\2025-07-09\face_088_151206.jpg
89,face_089,2025-07-09 15:12:10,logs\entries\2025-07-09\face_089_151210.jpg
90,face_090,2025-07-09 15:12:13,logs\entries\2025-07-09\face_090_151213.jpg
91,face_091,2025-07-09 15:12:15,logs\entries\2025-07-09\face_091_151215.jpg
92,face_092,2025-07-09 15:12:17,logs\entries\2025-07-09\face_092_151217.jpg
93,face_093,2025-07-09 15:12:20,logs\entries\2025-07-09\face_093_151220.jpg
94,face_094,2025-07-09 15:12:22,logs\entries\2025-07-09\face_094_151222.jpg
95,face_095,2025-07-09 15:12:32,logs\entries\2025-07-09\face_095_151232.jpg
96,face_096,2025-07-09 15:12:35,logs\entries\2025-07-09\face_096_151235.jpg
97,face_097,2025-07-09 15:12:39,logs\entries\2025-07-09\face_097_151239.jpg
98,face_098,2025-07-09 15:12:42,logs\entries\2025-07-09\face_098_151242.jpg
99,face_099,2025-07-09 15:12:47,logs\entries\2025-07-09\face_099_151247.jpg
100,face_100,2025-07-09 15:12:50,logs\entries\2025-07-09\face_100_151250.jpg
101,face_101,2025-07-09 15:12:52,logs\entries\2025-07-09\face_101_151252.jpg
102,face_102,2025-07-09 15:13:05,logs\entries\2025-07-09\face_102_151305.jpg
103,face_103,2025-07-09 15:13:08,logs\entries\2025-07-09\face_103_151308.jpg
104,face_104,2025-07-09 15:13:11,logs\entries\2025-07-09\face_104_151311.jpg
105,face_105,2025-07-09 15:13:16,logs\entries\2025-07-09\face_105_151316.jpg
106,face_106,2025-07-09 15:13:21,logs\entries\2025-07-09\face_106_151321.jpg
107,face_107,2025-07-09 15:13:34,logs\entries\2025-07-09\face_107_151334.jpg
108,face_108,2025-07-09 15:13:39,logs\entries\2025-07-09\face_108_151339.jpg
109,face_109,2025-07-09 15:13:40,logs\entries\2025-07-09\face_109_151340.jpg
110,face_110,2025-07-09 15:13:47,logs\entries\2025-07-09\face_110_151347.jpg
111,face_111,2025-07-09 15:13:59,logs\entries\2025-07-09\face_111_151359.jpg
112,face_112,2025-07-09 15:14:17,logs\entries\2025-07-09\face_112_151417.jpg
113,face_113,2025-07-09 15:14:20,logs\entries\2025-07-09\face_113_151420.jpg
114,face_114,2025-07-09 15:14:27,logs\entries\2025-07-09\face_114_151427.jpg
115,face_115,2025-07-09 15:14:29,logs\entries\2025-07-09\face_115_151429.jpg
116,face_116,2025-07-09 15:14:42,logs\entries\2025-07-09\face_116_151442.jpg
117,face_117,2025-07-09 15:14:43,logs\entries\2025-07-09\face_117_151443.jpg
118,face_118,2025-07-09 15:14:54,logs\entries\2025-07-09\face_118_151454.jpg
119,face_119,2025-07-09 15:14:54,logs\entries\2025-07-09\face_119_151454.jpg
120,face_120,2025-07-09 15:15:01,logs\entries\2025-07-09\face_120_151500.jpg
121,face_121,2025-07-09 15:15:01,logs\entries\2025-07-09\face_121_151501.jpg
122,face_122,2025-07-09 15:15:03,logs\entries\2025-07-09\face_122_151503.jpg
123,face_123,2025-07-09 15:15:09,logs\entries\2025-07-09\face_123_151509.jpg
124,face_124,2025-07-09 15:15:11,logs\entries\2025-07-09\face_124_151511.jpg
125,face_125,2025-07-09 15:15:21,logs\entries\2025-07-09\face_125_151521.jpg
126,face_126,2025-07-09 15:15:30,logs\entries\2025-07-09\face_126_151530.jpg
127,face_127,2025-07-09 15:15:43,logs\entries\2025-07-09\face_127_151543.jpg
128,face_128,2025-07-09 15:15:48,logs\entries\2025-07-09\face_128_151548.jpg
129,face_129,2025-07-09 15:15:52,logs\entries\2025-07-09\face_129_151552.jpg
130,face_130,2025-07-09 15:15:56,logs\entries\2025-07-09\face_130_151556.jpg
131,face_131,2025-07-09 15:16:16,logs\entries\2025-07-09\face_131_151616.jpg
132,face_132,2025-07-09 15:16:22,logs\entries\2025-07-09\face_132_151622.jpg
133,face_133,2025-07-09 15:16:24,logs\entries\2025-07-09\face_133_151624.jpg
134,face_134,2025-07-09 15:16:30,logs\entries\2025-07-09\face_134_151630.jpg
135,face_135,2025-07-09 15:16:35,logs\entries\2025-07-09\face_135_151635.jpg
136,face_136,2025-07-09 15:16:39,logs\entries\2025-07-09\face_136_151639.jpg
137,face_137,2025-07-09 15:16:44,logs\entries\2025-07-09\face_137_151644.jpg
138,face_138,2025-07-09 15:17:06,logs\entries\2025-07-09\face_138_151706.jpg
139,face_139,2025-07-09 15:17:12,logs\entries\2025-07-09\face_139_151712.jpg
140,face_140,2025-07-09 15:17:14,logs\entries\2025-07-09\face_140_151714.jpg
141,face_001,2025-07-09 16:05:08,logs\entries\2025-07-09\face_001_160508.jpg
142,face_002,2025-07-09 16:05:08,logs\entries\2025-07-09\face_002_160508.jpg
143,face_003,2025-07-09 16:05:15,logs\entries\2025-07-09\face_003_160515.jpg
144,face_004,2025-07-09 16:05:20,logs\entries\2025-07-09\face_004_160520.jpg
145,face_005,2025-07-09 16:05:23,logs\entries\2025-07-09\face_005_160523.jpg
146,face_006,2025-07-09 16:05:24,logs\entries\2025-07-09\face_006_160524.jpg
147,face_007,2025-07-09 16:05:27,logs\entries\2025-07-09\face_007_160527.jpg
148,face_008,2025-07-09 16:05:30,logs\entries\2025-07-09\face_008_160530.jpg
149,face_009,2025-07-09 16:05:32,logs\entries\2025-07-09\face_009_160532.jpg
150,face_010,2025-07-09 16:05:34,logs\entries\2025-07-09\face_010_160534.jpg
151,face_011,2025-07-09 16:05:36,logs\entries\2025-07-09\face_011_160536.jpg
152,face_012,2025-07-09 16:05:37,logs\entries\2025-07-09\face_012_160537.jpg
153,face_013,2025-07-09 16:05:37,logs\entries\2025-07-09\face_013_160537.jpg
154,face_014,2025-07-09 16:05:38,logs\entries\2025-07-09\face_014_160538.jpg
155,face_015,2025-07-09 16:05:39,logs\entries\2025-07-09\face_015_160539.jpg
156,face_016,2025-07-09 16:05:40,logs\entries\2025-07-09\face_016_160540.jpg
157,face_017,2025-07-09 16:05:41,logs\entries\2025-07-09\face_017_160541.jpg
158,face_018,2025-07-09 16:05:46,logs\entries\2025-07-09\face_018_160546.jpg
159,face_019,2025-07-09 16:05:48,logs\entries\2025-07-09\face_019_160548.jpg
160,face_020,2025-07-09 16:05:50,logs\entries\2025-07-09\face_020_160550.jpg
161,face_021,2025-07-09 16:05:54,logs\entries\2025-07-09\face_021_160554.jpg
162,face_022,2025-07-09 16:06:00,logs\entries\2025-07-09\face_022_160600.jpg
163,face_023,2025-07-09 16:06:03,logs\entries\2025-07-09\face_023_160603.jpg
164,face_024,2025-07-09 16:06:05,logs\entries\2025-07-09\face_024_160605.jpg
165,face_025,2025-07-09 16:06:08,logs\entries\2025-07-09\face_025_160608.jpg
166,face_026,2025-07-09 16:06:13,logs\entries\2025-07-09\face_026_160613.jpg
167,face_027,2025-07-09 16:06:16,logs\entries\2025-07-09\face_027_160616.jpg
168,face_028,2025-07-09 16:06:19,logs\entries\2025-07-09\face_028_160619.jpg
169,face_029,2025-07-09 16:06:21,logs\entries\2025-07-09\face_029_160620.jpg
170,face_030,2025-07-09 16:06:22,logs\entries\2025-07-09\face_030_160622.jpg
171,face_031,2025-07-09 16:06:24,logs\entries\2025-07-09\face_031_160624.jpg
172,face_032,2025-07-09 16:06:27,logs\entries\2025-07-09\face_032_160627.jpg
173,face_033,2025-07-09 16:06:29,logs\entries\2025-07-09\face_033_160629.jpg
174,face_034,2025-07-09 16:06:30,logs\entries\2025-07-09\face_034_160630.jpg
175,face_035,2025-07-09 16:06:32,logs\entries\2025-07-09\face_035_160632.jpg
176,face_036,2025-07-09 16:06:40,logs\entries\2025-07-09\face_036_160640.jpg
177,face_037,2025-07-09 16:06:42,logs\entries\2025-07-09\face_037_160642.jpg
178,face_038,2025-07-09 16:06:43,logs\entries\2025-07-09\face_038_160643.jpg
179,face_039,2025-07-09 16:06:43,logs\entries\2025-07-09\face_039_160643.jpg
180,face_040,2025-07-09 16:06:44,logs\entries\2025-07-09\face_040_160644.jpg
181,face_041,2025-07-09 16:06:44,logs\entries\2025-07-09\face_041_160644.jpg
182,face_042,2025-07-09 16:06:46,logs\entries\2025-07-09\face_042_160646.jpg
183,face_043,2025-07-09 16:06:46,logs\entries\2025-07-09\face_043_160646.jpg
184,face_044,2025-07-09 16:06:53,logs\entries\2025-07-09\face_044_160653.jpg
185,face_045,2025-07-09 16:07:02,logs\entries\2025-07-09\face_045_160702.jpg
186,face_046,2025-07-09 16:07:14,logs\entries\2025-07-09\face_046_160714.jpg
187,face_047,2025-07-09 16:07:15,logs\entries\2025-07-09\face_047_160715.jpg
188,face_048,2025-07-09 16:07:16,logs\entries\2025-07-09\face_048_160716.jpg
189,face_049,2025-07-09 16:07:18,logs\entries\2025-07-09\face_049_160718.jpg
190,face_050,2025-07-09 16:07:18,logs\entries\2025-07-09\face_050_160718.jpg
191,face_051,2025-07-09 16:07:20,logs\entries\2025-07-09\face_051_160720.jpg
192,face_052,2025-07-09 16:07:21,logs\entries\2025-07-09\face_052_160721.jpg
193,face_053,2025-07-09 16:07:22,logs\entries\2025-07-09\face_053_160722.jpg
194,face_054,2025-07-09 16:07:24,logs\entries\2025-07-09\face_054_160724.jpg
195,face_055,2025-07-09 16:07:26,logs\entries\2025-07-09\face_055_160726.jpg
196,face_056,2025-07-09 16:07:28,logs\entries\2025-07-09\face_056_160728.jpg
197,face_057,2025-07-09 16:07:28,logs\entries\2025-07-09\face_057_160728.jpg
198,face_058,2025-07-09 16:07:29,logs\entries\2025-07-09\face_058_160729.jpg
199,face_059,2025-07-09 16:07:32,logs\entries\2025-07-09\face_059_160732.jpg
200,face_060,2025-07-09 16:07:33,logs\entries\2025-07-09\face_060_160733.jpg
201,face_061,2025-07-09 16:07:34,logs\entries\2025-07-09\face_061_160734.jpg
202,face_062,2025-07-09 16:07:34,logs\entries\2025-07-09\face_062_160734.jpg
203,face_063,2025-07-09 16:07:35,logs\entries\2025-07-09\face_063_160735.jpg
204,face_064,2025-07-09 16:07:36,logs\entries\2025-07-09\face_064_160736.jpg
205,face_065,2025-07-09 16:07:37,logs\entries\2025-07-09\face_065_160737.jpg
206,face_066,2025-07-09 16:07:37,logs\entries\2025-07-09\face_066_160737.jpg
207,face_067,2025-07-09 16:07:38,logs\entries\2025-07-09\face_067_160738.jpg
208,face_068,2025-07-09 16:07:39,logs\entries\2025-07-09\face_068_160739.jpg
209,face_069,2025-07-09 16:07:40,logs\entries\2025-07-09\face_069_160740.jpg
210,face_070,2025-07-09 16:07:42,logs\entries\2025-07-09\face_070_160742.jpg
211,face_071,2025-07-09 16:07:43,logs\entries\2025-07-09\face_071_160743.jpg
212,face_072,2025-07-09 16:07:44,logs\entries\2025-07-09\face_072_160744.jpg
213,face_073,2025-07-09 16:07:45,logs\entries\2025-07-09\face_073_160745.jpg
214,face_074,2025-07-09 16:07:45,logs\entries\2025-07-09\face_074_160745.jpg
215,face_075,2025-07-09 16:07:46,logs\entries\2025-07-09\face_075_160746.jpg
216,face_076,2025-07-09 16:07:48,logs\entries\2025-07-09\face_076_160748.jpg
217,face_077,2025-07-09 16:07:49,logs\entries\2025-07-09\face_077_160749.jpg
218,face_078,2025-07-09 16:07:50,logs\entries\2025-07-09\face_078_160750.jpg
219,face_079,2025-07-09 16:07:50,logs\entries\2025-07-09\face_079_160750.jpg
220,face_080,2025-07-09 16:07:52,logs\entries\2025-07-09\face_080_160752.jpg
221,face_081,2025-07-09 16:07:55,logs\entries\2025-07-09\face_081_160755.jpg
222,face_082,2025-07-09 16:07:55,logs\entries\2025-07-09\face_082_160755.jpg
223,face_083,2025-07-09 16:07:57,logs\entries\2025-07-09\face_083_160757.jpg
224,face_084,2025-07-09 16:08:00,logs\entries\2025-07-09\face_084_160800.jpg
225,face_085,2025-07-09 16:08:01,logs\entries\2025-07-09\face_085_160801.jpg
226,face_086,2025-07-09 16:08:06,logs\entries\2025-07-09\face_086_160806.jpg
227,face_087,2025-07-09 16:08:09,logs\entries\2025-07-09\face_087_160809.jpg
228,face_088,2025-07-09 16:08:12,logs\entries\2025-07-09\face_088_160812.jpg
229,face_089,2025-07-09 16:08:13,logs\entries\2025-07-09\face_089_160813.jpg
230,face_090,2025-07-09 16:08:14,logs\entries\2025-07-09\face_090_160814.jpg
231,face_091,2025-07-09 16:08:15,logs\entries\2025-07-09\face_091_160815.jpg
232,face_092,2025-07-09 16:08:16,logs\entries\2025-07-09\face_092_160816.jpg
233,face_093,2025-07-09 16:08:17,logs\entries\2025-07-09\face_093_160817.jpg
234,face_094,2025-07-09 16:08:18,logs\entries\2025-07-09\face_094_160818.jpg
235,face_095,2025-07-09 16:08:18,logs\entries\2025-07-09\face_095_160818.jpg
236,face_096,2025-07-09 16:08:19,logs\entries\2025-07-09\face_096_160819.jpg
237,face_097,2025-07-09 16:08:20,logs\entries\2025-07-09\face_097_160820.jpg
238,face_098,2025-07-09 16:08:21,logs\entries\2025-07-09\face_098_160821.jpg
239,face_099,2025-07-09 16:08:21,logs\entries\2025-07-09\face_099_160821.jpg
240,face_100,2025-07-09 16:08:22,logs\entries\2025-07-09\face_100_160822.jpg
241,face_101,2025-07-09 16:08:24,logs\entries\2025-07-09\face_101_160824.jpg
242,face_102,2025-07-09 16:08:26,logs\entries\2025-07-09\face_102_160826.jpg
243,face_103,2025-07-09 16:08:28,logs\entries\2025-07-09\face_103_160828.jpg
244,face_104,2025-07-09 16:08:28,logs\entries\2025-07-09\face_104_160828.jpg
245,face_105,2025-07-09 16:08:30,logs\entries\2025-07-09\face_105_160830.jpg
246,face_106,2025-07-09 16:08:32,logs\entries\2025-07-09\face_106_160832.jpg
247,face_107,2025-07-09 16:08:34,logs\entries\2025-07-09\face_107_160834.jpg
248,face_108,2025-07-09 16:08:35,logs\entries\2025-07-09\face_108_160835.jpg
249,face_109,2025-07-09 16:08:35,logs\entries\2025-07-09\face_109_160835.jpg
250,face_110,2025-07-09 16:08:36,logs\entries\2025-07-09\face_110_160836.jpg
251,face_111,2025-07-09 16:08:38,logs\entries\2025-07-09\face_111_160838.jpg
252,face_112,2025-07-09 16:08:38,logs\entries\2025-07-09\face_112_160838.jpg
253,face_113,2025-07-09 16:08:41,logs\entries\2025-07-09\face_113_160841.jpg
254,face_114,2025-07-09 16:08:41,logs\entries\2025-07-09\face_114_160841.jpg
255,face_115,2025-07-09 16:08:44,logs\entries\2025-07-09\face_115_160844.jpg
256,face_116,2025-07-09 16:08:46,logs\entries\2025-07-09\face_116_160846.jpg
257,face_117,2025-07-09 16:08:46,logs\entries\2025-07-09\face_117_160846.jpg
258,face_118,2025-07-09 16:08:47,logs\entries\2025-07-09\face_118_160847.jpg
259,face_119,2025-07-09 16:08:49,logs\entries\2025-07-09\face_119_160849.jpg
260,face_120,2025-07-09 16:08:50,logs\entries\2025-07-09\face_120_160850.jpg
261,face_121,2025-07-09 16:08:50,logs\entries\2025-07-09\face_121_160850.jpg
262,face_122,2025-07-09 16:08:51,logs\entries\2025-07-09\face_122_160851.jpg
263,face_123,2025-07-09 16:08:51,logs\entries\2025-07-09\face_123_160851.jpg
264,face_124,2025-07-09 16:08:52,logs\entries\2025-07-09\face_124_160852.jpg
265,face_125,2025-07-09 16:08:53,logs\entries\2025-07-09\face_125_160853.jpg
266,face_126,2025-07-09 16:08:55,logs\entries\2025-07-09\face_126_160855.jpg
267,face_127,2025-07-09 16:08:56,logs\entries\2025-07-09\face_127_160856.jpg
268,face_128,2025-07-09 16:08:56,logs\entries\2025-07-09\face_128_160856.jpg
269,face_129,2025-07-09 16:08:57,logs\entries\2025-07-09\face_129_160857.jpg
270,face_130,2025-07-09 16:08:59,logs\entries\2025-07-09\face_130_160859.jpg
271,face_131,2025-07-09 16:09:00,logs\entries\2025-07-09\face_131_160900.jpg
272,face_132,2025-07-09 16:09:02,logs\entries\2025-07-09\face_132_160902.jpg
273,face_133,2025-07-09 16:09:02,logs\entries\2025-07-09\face_133_160902.jpg
274,face_134,2025-07-09 16:09:03,logs\entries\2025-07-09\face_134_160903.jpg
275,face_135,2025-07-09 16:09:05,logs\entries\2025-07-09\face_135_160905.jpg
276,face_136,2025-07-09 16:09:06,logs\entries\2025-07-09\face_136_160906.jpg
277,face_137,2025-07-09 16:09:06,logs\entries\2025-07-09\face_137_160906.jpg
278,face_138,2025-07-09 16:09:07,logs\entries\2025-07-09\face_138_160907.jpg
279,face_139,2025-07-09 16:09:07,logs\entries\2025-07-09\face_139_160907.jpg
280,face_140,2025-07-09 16:09:07,logs\entries\2025-07-09\face_140_160907.jpg
281,face_141,2025-07-09 16:09:09,logs\entries\2025-07-09\face_141_160909.jpg
282,face_142,2025-07-09 16:09:09,logs\entries\2025-07-09\face_142_160909.jpg
283,face_143,2025-07-09 16:09:11,logs\entries\2025-07-09\face_143_160911.jpg
284,face_144,2025-07-09 16:09:14,logs\entries\2025-07-09\face_144_160914.jpg
285,face_145,2025-07-09 16:09:16,logs\entries\2025-07-09\face_145_160916.jpg
286,face_146,2025-07-09 16:09:17,logs\entries\2025-07-09\face_146_160917.jpg
287,face_147,2025-07-09 16:09:18,logs\entries\2025-07-09\face_147_160918.jpg
288,face_148,2025-07-09 16:09:18,logs\entries\2025-07-09\face_148_160918.jpg
289,face_149,2025-07-09 16:09:20,logs\entries\2025-07-09\face_149_160920.jpg
290,face_150,2025-07-09 16:09:21,logs\entries\2025-07-09\face_150_160921.jpg
291,face_151,2025-07-09 16:09:26,logs\entries\2025-07-09\face_151_160926.jpg
292,face_152,2025-07-09 16:09:26,logs\entries\2025-07-09\face_152_160926.jpg
293,face_153,2025-07-09 16:09:27,logs\entries\2025-07-09\face_153_160927.jpg
294,face_154,2025-07-09 16:09:29,logs\entries\2025-07-09\face_154_160929.jpg
295,face_155,2025-07-09 16:09:32,logs\entries\2025-07-09\face_155_160932.jpg
296,face_156,2025-07-09 16:09:32,logs\entries\2025-07-09\face_156_160932.jpg
297,face_157,2025-07-09 16:09:34,logs\entries\2025-07-09\face_157_160934.jpg
298,face_158,2025-07-09 16:09:37,logs\entries\2025-07-09\face_158_160937.jpg
299,face_159,2025-07-09 16:09:37,logs\entries\2025-07-09\face_159_160937.jpg
300,face_160,2025-07-09 16:09:38,logs\entries\2025-07-09\face_160_160938.jpg
301,face_161,2025-07-09 16:09:38,logs\entries\2025-07-09\face_161_160938.jpg
302,face_162,2025-07-09 16:09:41,logs\entries\2025-07-09\face_162_160941.jpg
303,face_163,2025-07-09 16:09:43,logs\entries\2025-07-09\face_163_160943.jpg
304,face_164,2025-07-09 16:09:43,logs\entries\2025-07-09\face_164_160943.jpg
305,face_165,2025-07-09 16:09:47,logs\entries\2025-07-09\face_165_160947.jpg
306,face_166,2025-07-09 16:09:47,logs\entries\2025-07-09\face_166_160947.jpg
307,face_167,2025-07-09 16:09:48,logs\entries\2025-07-09\face_167_160948.jpg
308,face_168,2025-07-09 16:09:50,logs\entries\2025-07-09\face_168_160950.jpg
309,face_169,2025-07-09 16:09:50,logs\entries\2025-07-09\face_169_160950.jpg
310,face_170,2025-07-09 16:09:54,logs\entries\2025-07-09\face_170_160954.jpg
311,face_171,2025-07-09 16:09:55,logs\entries\2025-07-09\face_171_160955.jpg
312,face_172,2025-07-09 16:09:55,logs\entries\2025-07-09\face_172_160955.jpg
313,face_173,2025-07-09 16:09:55,logs\entries\2025-07-09\face_173_160955.jpg
314,face_174,2025-07-09 16:09:59,logs\entries\2025-07-09\face_174_160959.jpg
315,ID-001,2025-07-09 16:18:55,logs\entries\2025-07-09\ID-001_161855.jpg
316,ID-002,2025-07-09 16:18:55,logs\entries\2025-07-09\ID-002_161855.jpg
317,ID-003,2025-07-09 16:19:02,logs\entries\2025-07-09\ID-003_161902.jpg
318,ID-004,2025-07-09 16:19:06,logs\entries\2025-07-09\ID-004_161906.jpg
319,ID-005,2025-07-09 16:19:09,logs\entries\2025-07-09\ID-005_161909.jpg
320,ID-006,2025-07-09 16:19:10,logs\entries\2025-07-09\ID-006_161910.jpg
321,ID-007,2025-07-09 16:19:13,logs\entries\2025-07-09\ID-007_161913.jpg
322,ID-008,2025-07-09 16:19:16,logs\entries\2025-07-09\ID-008_161916.jpg
323,ID-009,2025-07-09 16:19:19,logs\entries\2025-07-09\ID-009_161919.jpg
324,ID-001,2025-07-09 16:21:53,logs\entries\2025-07-09\ID-001_162153.jpg
325,ID-002,2025-07-09 16:21:53,logs\entries\2025-07-09\ID-002_162153.jpg
326,ID-003,2025-07-09 16:22:00,logs\entries\2025-07-09\ID-003_162200.jpg
327,ID-004,2025-07-09 16:22:04,logs\entries\2025-07-09\ID-004_162204.jpg
328,ID-005,2025-07-09 16:22:07,logs\entries\2025-07-09\ID-005_162207.jpg
329,ID-006,2025-07-09 16:22:08,logs\entries\2025-07-09\ID-006_162208.jpg
330,ID-007,2025-07-09 16:22:11,logs\entries\2025-07-09\ID-007_162211.jpg
331,ID-008,2025-07-09 16:22:14,logs\entries\2025-07-09\ID-008_162214.jpg
332,ID-009,2025-07-09 16:22:17,logs\entries\2025-07-09\ID-009_162217.jpg
333,ID-010,2025-07-09 16:22:19,logs\entries\2025-07-09\ID-010_162219.jpg
334,ID-011,2025-07-09 16:22:20,logs\entries\2025-07-09\ID-011_162220.jpg
335,ID-012,2025-07-09 16:22:21,logs\entries\2025-07-09\ID-012_162221.jpg
336,ID-013,2025-07-09 16:22:22,logs\entries\2025-07-09\ID-013_162222.jpg
337,ID-014,2025-07-09 16:22:23,logs\entries\2025-07-09\ID-014_162223.jpg
338,ID-015,2025-07-09 16:22:24,logs\entries\2025-07-09\ID-015_162224.jpg
339,ID-016,2025-07-09 16:22:25,logs\entries\2025-07-09\ID-016_162225.jpg
340,ID-017,2025-07-09 16:22:27,logs\entries\2025-07-09\ID-017_162227.jpg
341,ID-018,2025-07-09 16:22:31,logs\entries\2025-07-09\ID-018_162231.jpg
342,ID-019,2025-07-09 16:22:33,logs\entries\2025-07-09\ID-019_162233.jpg
343,ID-020,2025-07-09 16:22:35,logs\entries\2025-07-09\ID-020_162235.jpg
344,ID-021,2025-07-09 16:22:39,logs\entries\2025-07-09\ID-021_162239.jpg
345,ID-001,2025-07-09 16:27:09,logs\entries\2025-07-09\ID-001_162709.jpg
346,ID-002,2025-07-09 16:27:10,logs\entries\2025-07-09\ID-002_162710.jpg
347,ID-003,2025-07-09 16:27:16,logs\entries\2025-07-09\ID-003_162716.jpg
348,ID-004,2025-07-09 16:27:20,logs\entries\2025-07-09\ID-004_162720.jpg
349,ID-005,2025-07-09 16:27:23,logs\entries\2025-07-09\ID-005_162723.jpg
350,ID-006,2025-07-09 16:27:24,logs\entries\2025-07-09\ID-006_162724.jpg
351,ID-007,2025-07-09 16:27:27,logs\entries\2025-07-09\ID-007_162727.jpg
352,ID-008,2025-07-09 16:27:30,logs\entries\2025-07-09\ID-008_162730.jpg
353,ID-009,2025-07-09 16:27:33,logs\entries\2025-07-09\ID-009_162733.jpg
354,ID-010,2025-07-09 16:27:35,logs\entries\2025-07-09\ID-010_162735.jpg
355,ID-011,2025-07-09 16:27:36,logs\entries\2025-07-09\ID-011_162736.jpg
356,ID-012,2025-07-09 16:27:37,logs\entries\2025-07-09\ID-012_162737.jpg
357,ID-013,2025-07-09 16:27:38,logs\entries\2025-07-09\ID-013_162738.jpg
358,ID-014,2025-07-09 16:27:38,logs\entries\2025-07-09\ID-014_162738.jpg
359,ID-015,2025-07-09 16:27:40,logs\entries\2025-07-09\ID-015_162740.jpg
360,ID-016,2025-07-09 16:27:40,logs\entries\2025-07-09\ID-016_162740.jpg
361,ID-017,2025-07-09 16:27:42,logs\entries\2025-07-09\ID-017_162742.jpg
362,ID-018,2025-07-09 16:27:46,logs\entries\2025-07-09\ID-018_162746.jpg
363,ID-019,2025-07-09 16:27:47,logs\entries\2025-07-09\ID-019_162747.jpg
364,ID-020,2025-07-09 16:27:50,logs\entries\2025-07-09\ID-020_162750.jpg
365,ID-021,2025-07-09 16:27:53,logs\entries\2025-07-09\ID-021_162753.jpg
366,ID-022,2025-07-09 16:27:58,logs\entries\2025-07-09\ID-022_162758.jpg
367,ID-023,2025-07-09 16:28:01,logs\entries\2025-07-09\ID-023_162801.jpg
368,ID-024,2025-07-09 16:28:03,logs\entries\2025-07-09\ID-024_162803.jpg
369,ID-025,2025-07-09 16:28:06,logs\entries\2025-07-09\ID-025_162806.jpg
370,ID-026,2025-07-09 16:28:11,logs\entries\2025-07-09\ID-026_162811.jpg
371,ID-027,2025-07-09 16:28:15,logs\entries\2025-07-09\ID-027_162815.jpg
372,ID-028,2025-07-09 16:28:17,logs\entries\2025-07-09\ID-028_162817.jpg
373,ID-029,2025-07-09 16:28:19,logs\entries\2025-07-09\ID-029_162819.jpg
374,ID-030,2025-07-09 16:28:20,logs\entries\2025-07-09\ID-030_162820.jpg
375,ID-031,2025-07-09 16:28:23,logs\entries\2025-07-09\ID-031_162823.jpg
376,ID-032,2025-07-09 16:28:26,logs\entries\2025-07-09\ID-032_162826.jpg
377,ID-033,2025-07-09 16:28:28,logs\entries\2025-07-09\ID-033_162828.jpg
378,ID-034,2025-07-09 16:28:29,logs\entries\2025-07-09\ID-034_162829.jpg
379,ID-035,2025-07-09 16:28:32,logs\entries\2025-07-09\ID-035_162832.jpg
380,ID-036,2025-07-09 16:28:40,logs\entries\2025-07-09\ID-036_162840.jpg
381,ID-037,2025-07-09 16:28:42,logs\entries\2025-07-09\ID-037_162842.jpg
382,ID-038,2025-07-09 16:28:43,logs\entries\2025-07-09\ID-038_162843.jpg
383,ID-039,2025-07-09 16:28:44,logs\entries\2025-07-09\ID-039_162844.jpg
384,ID-040,2025-07-09 16:28:45,logs\entries\2025-07-09\ID-040_162845.jpg
385,ID-041,2025-07-09 16:28:46,logs\entries\2025-07-09\ID-041_162846.jpg
386,ID-042,2025-07-09 16:28:47,logs\entries\2025-07-09\ID-042_162847.jpg
387,ID-043,2025-07-09 16:28:48,logs\entries\2025-07-09\ID-043_162848.jpg
388,ID-044,2025-07-09 16:28:55,logs\entries\2025-07-09\ID-044_162855.jpg
389,ID-001,2025-07-09 23:52:35,logs\entries\2025-07-09\ID-001_235235.jpg
390,ID-002,2025-07-09 23:52:36,logs\entries\2025-07-09\ID-002_235236.jpg
391,ID-003,2025-07-09 23:52:43,logs\entries\2025-07-09\ID-003_235243.jpg
392,ID-004,2025-07-09 23:52:47,logs\entries\2025-07-09\ID-004_235247.jpg
393,ID-005,2025-07-09 23:52:50,logs\entries\2025-07-09\ID-005_235250.jpg
394,ID-006,2025-07-09 23:52:52,logs\entries\2025-07-09\ID-006_235252.jpg
395,ID-007,2025-07-09 23:52:54,logs\entries\2025-07-09\ID-007_235254.jpg
396,ID-008,2025-07-09 23:52:58,logs\entries\2025-07-09\ID-008_235258.jpg
397,ID-009,2025-07-09 23:53:01,logs\entries\2025-07-09\ID-009_235301.jpg
398,ID-010,2025-07-09 23:53:03,logs\entries\2025-07-09\ID-010_235303.jpg
399,ID-011,2025-07-09 23:53:05,logs\entries\2025-07-09\ID-011_235305.jpg
400,ID-012,2025-07-09 23:53:06,logs\entries\2025-07-09\ID-012_235306.jpg
401,ID-013,2025-07-09 23:53:07,logs\entries\2025-07-09\ID-013_235307.jpg
402,ID-014,2025-07-09 23:53:07,logs\entries\2025-07-09\ID-014_235307.jpg
403,ID-015,2025-07-09 23:53:08,logs\entries\2025-07-09\ID-015_235308.jpg
404,ID-016,2025-07-09 23:53:09,logs\entries\2025-07-09\ID-016_235309.jpg
405,ID-017,2025-07-09 23:53:11,logs\entries\2025-07-09\ID-017_235311.jpg
406,ID-018,2025-07-09 23:53:16,logs\entries\2025-07-09\ID-018_235316.jpg
407,ID-019,2025-07-09 23:53:17,logs\entries\2025-07-09\ID-019_235317.jpg
408,ID-020,2025-07-09 23:53:20,logs\entries\2025-07-09\ID-020_235320.jpg
409,ID-021,2025-07-09 23:53:23,logs\entries\2025-07-09\ID-021_235323.jpg
410,ID-022,2025-07-09 23:53:31,logs\entries\2025-07-09\ID-022_235331.jpg
411,ID-023,2025-07-09 23:53:33,logs\entries\2025-07-09\ID-023_235333.jpg
412,ID-024,2025-07-09 23:53:35,logs\entries\2025-07-09\ID-024_235335.jpg
413,ID-025,2025-07-09 23:53:38,logs\entries\2025-07-09\ID-025_235338.jpg
414,ID-026,2025-07-09 23:53:44,logs\entries\2025-07-09\ID-026_235344.jpg
415,ID-027,2025-07-09 23:53:48,logs\entries\2025-07-09\ID-027_235348.jpg
416,ID-028,2025-07-09 23:53:51,logs\entries\2025-07-09\ID-028_235351.jpg
417,ID-029,2025-07-09 23:53:52,logs\entries\2025-07-09\ID-029_235352.jpg
418,ID-030,2025-07-09 23:53:53,logs\entries\2025-07-09\ID-030_235353.jpg
419,ID-031,2025-07-09 23:53:56,logs\entries\2025-07-09\ID-031_235356.jpg
420,ID-032,2025-07-09 23:53:59,logs\entries\2025-07-09\ID-032_235359.jpg
421,ID-033,2025-07-09 23:54:01,logs\entries\2025-07-09\ID-033_235401.jpg
422,ID-034,2025-07-09 23:54:01,logs\entries\2025-07-09\ID-034_235401.jpg
423,ID-035,2025-07-09 23:54:04,logs\entries\2025-07-09\ID-035_235404.jpg
424,ID-036,2025-07-09 23:54:14,logs\entries\2025-07-09\ID-036_235414.jpg
425,ID-037,2025-07-09 23:54:14,logs\entries\2025-07-09\ID-037_235414.jpg
426,ID-038,2025-07-09 23:54:14,logs\entries\2025-07-09\ID-038_235414.jpg
427,ID-039,2025-07-09 23:54:15,logs\entries\2025-07-09\ID-039_235415.jpg
428,ID-040,2025-07-09 23:54:16,logs\entries\2025-07-09\ID-040_235416.jpg
429,ID-041,2025-07-09 23:54:16,logs\entries\2025-07-09\ID-041_235416.jpg
430,ID-042,2025-07-09 23:54:18,logs\entries\2025-07-09\ID-042_235418.jpg
431,ID-043,2025-07-09 23:54:18,logs\entries\2025-07-09\ID-043_235418.jpg
432,ID-044,2025-07-09 23:54:25,logs\entries\2025-07-09\ID-044_235425.jpg
433,ID-045,2025-07-09 23:54:35,logs\entries\2025-07-09\ID-045_235435.jpg
434,ID-046,2025-07-09 23:54:47,logs\entries\2025-07-09\ID-046_235447.jpg
435,ID-047,2025-07-09 23:54:48,logs\entries\2025-07-09\ID-047_235448.jpg
436,ID-048,2025-07-09 23:54:49,logs\entries\2025-07-09\ID-048_235449.jpg
437,ID-049,2025-07-09 23:54:50,logs\entries\2025-07-09\ID-049_235450.jpg
438,ID-050,2025-07-09 23:54:51,logs\entries\2025-07-09\ID-050_235451.jpg
439,ID-051,2025-07-09 23:54:53,logs\entries\2025-07-09\ID-051_235453.jpg
440,ID-052,2025-07-09 23:54:54,logs\entries\2025-07-09\ID-052_235454.jpg
441,ID-053,2025-07-09 23:54:55,logs\entries\2025-07-09\ID-053_235455.jpg
442,ID-054,2025-07-09 23:54:57,logs\entries\2025-07-09\ID-054_235457.jpg
443,ID-055,2025-07-09 23:54:59,logs\entries\2025-07-09\ID-055_235459.jpg
444,ID-056,2025-07-09 23:55:02,logs\entries\2025-07-09\ID-056_235502.jpg
445,ID-057,2025-07-09 23:55:02,logs\entries\2025-07-09\ID-057_235502.jpg
446,ID-058,2025-07-09 23:55:03,logs\entries\2025-07-09\ID-058_235503.jpg
447,ID-059,2025-07-09 23:55:06,logs\entries\2025-07-09\ID-059_235506.jpg
448,ID-060,2025-07-09 23:55:07,logs\entries\2025-07-09\ID-060_235507.jpg
449,ID-061,2025-07-09 23:55:08,logs\entries\2025-07-09\ID-061_235508.jpg
450,ID-062,2025-07-09 23:55:08,logs\entries\2025-07-09\ID-062_235508.jpg
451,ID-063,2025-07-09 23:55:09,logs\entries\2025-07-09\ID-063_235509.jpg
452,ID-064,2025-07-09 23:55:10,logs\entries\2025-07-09\ID-064_235510.jpg
453,ID-065,2025-07-09 23:55:10,logs\entries\2025-07-09\ID-065_235510.jpg
454,ID-066,2025-07-09 23:55:11,logs\entries\2025-07-09\ID-066_235511.jpg
455,ID-067,2025-07-09 23:55:11,logs\entries\2025-07-09\ID-067_235511.jpg
456,ID-068,2025-07-09 23:55:12,logs\entries\2025-07-09\ID-068_235512.jpg
457,ID-069,2025-07-09 23:55:14,logs\entries\2025-07-09\ID-069_235514.jpg
458,ID-070,2025-07-09 23:55:15,logs\entries\2025-07-09\ID-070_235515.jpg
459,ID-071,2025-07-09 23:55:17,logs\entries\2025-07-09\ID-071_235517.jpg
460,ID-072,2025-07-09 23:55:18,logs\entries\2025-07-09\ID-072_235518.jpg
461,ID-073,2025-07-09 23:55:19,logs\entries\2025-07-09\ID-073_235519.jpg
462,ID-074,2025-07-09 23:55:20,logs\entries\2025-07-09\ID-074_235520.jpg
463,ID-075,2025-07-09 23:55:21,logs\entries\2025-07-09\ID-075_235521.jpg
464,ID-076,2025-07-09 23:55:23,logs\entries\2025-07-09\ID-076_235523.jpg
465,ID-077,2025-07-09 23:55:24,logs\entries\2025-07-09\ID-077_235524.jpg
466,ID-078,2025-07-09 23:55:25,logs\entries\2025-07-09\ID-078_235525.jpg
467,ID-079,2025-07-09 23:55:25,logs\entries\2025-07-09\ID-079_235525.jpg
468,ID-080,2025-07-09 23:55:27,logs\entries\2025-07-09\ID-080_235527.jpg
469,ID-081,2025-07-09 23:55:31,logs\entries\2025-07-09\ID-081_235531.jpg
470,ID-082,2025-07-09 23:55:32,logs\entries\2025-07-09\ID-082_235532.jpg
471,ID-083,2025-07-09 23:55:33,logs\entries\2025-07-09\ID-083_235533.jpg
472,ID-084,2025-07-09 23:55:37,logs\entries\2025-07-09\ID-084_235537.jpg
473,ID-085,2025-07-09 23:55:39,logs\entries\2025-07-09\ID-085_235539.jpg
474,ID-086,2025-07-09 23:55:43,logs\entries\2025-07-09\ID-086_235543.jpg
475,ID-087,2025-07-09 23:55:46,logs\entries\2025-07-09\ID-087_235546.jpg
476,ID-088,2025-07-09 23:55:50,logs\entries\2025-07-09\ID-088_235550.jpg
477,ID-089,2025-07-09 23:55:51,logs\entries\2025-07-09\ID-089_235551.jpg
478,ID-090,2025-07-09 23:55:52,logs\entries\2025-07-09\ID-090_235552.jpg
479,ID-091,2025-07-09 23:55:53,logs\entries\2025-07-09\ID-091_235553.jpg
480,ID-092,2025-07-09 23:55:55,logs\entries\2025-07-09\ID-092_235555.jpg
481,ID-093,2025-07-09 23:55:55,logs\entries\2025-07-09\ID-093_235555.jpg
482,ID-094,2025-07-09 23:55:56,logs\entries\2025-07-09\ID-094_235556.jpg
483,ID-095,2025-07-09 23:55:57,logs\entries\2025-07-09\ID-095_235557.jpg
484,ID-096,2025-07-09 23:55:58,logs\entries\2025-07-09\ID-096_235558.jpg
485,ID-097,2025-07-09 23:55:59,logs\entries\2025-07-09\ID-097_235559.jpg
486,ID-098,2025-07-09 23:56:00,logs\entries\2025-07-09\ID-098_235600.jpg
487,ID-099,2025-07-09 23:56:00,logs\entries\2025-07-09\ID-099_235600.jpg
488,ID-100,2025-07-09 23:56:01,logs\entries\2025-07-09\ID-100_235601.jpg
489,ID-101,2025-07-09 23:56:04,logs\entries\2025-07-09\ID-101_235604.jpg
490,ID-102,2025-07-09 23:56:06,logs\entries\2025-07-09\ID-102_235606.jpg
491,ID-103,2025-07-09 23:56:08,logs\entries\2025-07-09\ID-103_235608.jpg
492,ID-104,2025-07-09 23:56:09,logs\entries\2025-07-09\ID-104_235609.jpg
493,ID-105,2025-07-09 23:56:11,logs\entries\2025-07-09\ID-105_235611.jpg
494,ID-106,2025-07-09 23:56:12,logs\entries\2025-07-09\ID-106_235612.jpg
495,ID-107,2025-07-09 23:56:16,logs\entries\2025-07-09\ID-107_235616.jpg
496,ID-108,2025-07-09 23:56:17,logs\entries\2025-07-09\ID-108_235617.jpg
497,ID-109,2025-07-09 23:56:17,logs\entries\2025-07-09\ID-109_235617.jpg
498,ID-110,2025-07-09 23:56:18,logs\entries\2025-07-09\ID-110_235618.jpg
499,ID-111,2025-07-09 23:56:20,logs\entries\2025-07-09\ID-111_235620.jpg
500,ID-112,2025-07-09 23:56:20,logs\entries\2025-07-09\ID-112_235620.jpg
501,ID-113,2025-07-09 23:56:23,logs\entries\2025-07-09\ID-113_235623.jpg
502,ID-114,2025-07-09 23:56:24,logs\entries\2025-07-09\ID-114_235624.jpg
503,ID-115,2025-07-09 23:56:28,logs\entries\2025-07-09\ID-115_235628.jpg
504,ID-116,2025-07-09 23:56:29,logs\entries\2025-07-09\ID-116_235629.jpg
505,ID-117,2025-07-09 23:56:30,logs\entries\2025-07-09\ID-117_235630.jpg
506,ID-118,2025-07-09 23:56:31,logs\entries\2025-07-09\ID-118_235631.jpg
507,ID-119,2025-07-09 23:56:33,logs\entries\2025-07-09\ID-119_235633.jpg
508,ID-120,2025-07-09 23:56:34,logs\entries\2025-07-09\ID-120_235634.jpg
509,ID-121,2025-07-09 23:56:35,logs\entries\2025-07-09\ID-121_235635.jpg
510,ID-122,2025-07-09 23:56:35,logs\entries\2025-07-09\ID-122_235635.jpg
511,ID-123,2025-07-09 23:56:36,logs\entries\2025-07-09\ID-123_235636.jpg
512,ID-124,2025-07-09 23:56:36,logs\entries\2025-07-09\ID-124_235636.jpg
513,ID-125,2025-07-09 23:56:37,logs\entries\2025-07-09\ID-125_235637.jpg
514,ID-126,2025-07-09 23:56:38,logs\entries\2025-07-09\ID-126_235638.jpg
515,ID-127,2025-07-09 23:56:40,logs\entries\2025-07-09\ID-127_235640.jpg
516,ID-128,2025-07-09 23:56:40,logs\entries\2025-07-09\ID-128_235640.jpg
517,ID-129,2025-07-09 23:56:42,logs\entries\2025-07-09\ID-129_235642.jpg
518,ID-130,2025-07-09 23:56:44,logs\entries\2025-07-09\ID-130_235644.jpg
519,ID-131,2025-07-09 23:56:45,logs\entries\2025-07-09\ID-131_235645.jpg
520,ID-132,2025-07-09 23:56:47,logs\entries\2025-07-09\ID-132_235647.jpg
521,ID-133,2025-07-09 23:56:47,logs\entries\2025-07-09\ID-133_235647.jpg
522,ID-134,2025-07-09 23:56:48,logs\entries\2025-07-09\ID-134_235648.jpg
523,ID-135,2025-07-09 23:56:50,logs\entries\2025-07-09\ID-135_235650.jpg
524,ID-136,2025-07-09 23:56:52,logs\entries\2025-07-09\ID-136_235652.jpg
525,ID-137,2025-07-09 23:56:52,logs\entries\2025-07-09\ID-137_235652.jpg
526,ID-138,2025-07-09 23:56:53,logs\entries\2025-07-09\ID-138_235653.jpg
527,ID-139,2025-07-09 23:56:53,logs\entries\2025-07-09\ID-139_235653.jpg
528,ID-140,2025-07-09 23:56:54,logs\entries\2025-07-09\ID-140_235654.jpg
529,ID-141,2025-07-09 23:56:55,logs\entries\2025-07-09\ID-141_235655.jpg
530,ID-142,2025-07-09 23:56:56,logs\entries\2025-07-09\ID-142_235656.jpg
531,ID-143,2025-07-09 23:56:59,logs\entries\2025-07-09\ID-143_235659.jpg
532,ID-144,2025-07-09 23:57:02,logs\entries\2025-07-09\ID-144_235702.jpg
533,ID-145,2025-07-09 23:57:04,logs\entries\2025-07-09\ID-145_235704.jpg
534,ID-146,2025-07-09 23:57:05,logs\entries\2025-07-09\ID-146_235705.jpg
535,ID-147,2025-07-09 23:57:07,logs\entries\2025-07-09\ID-147_235707.jpg
536,ID-148,2025-07-09 23:57:07,logs\entries\2025-07-09\ID-148_235707.jpg
537,ID-149,2025-07-09 23:57:09,logs\entries\2025-07-09\ID-149_235709.jpg
538,ID-150,2025-07-09 23:57:11,logs\entries\2025-07-09\ID-150_235711.jpg
539,ID-151,2025-07-09 23:57:19,logs\entries\2025-07-09\ID-151_235719.jpg
540,ID-152,2025-07-09 23:57:19,logs\entries\2025-07-09\ID-152_235719.jpg
541,ID-153,2025-07-09 23:57:20,logs\entries\2025-07-09\ID-153_235720.jpg
542,ID-154,2025-07-09 23:57:23,logs\entries\2025-07-09\ID-154_235723.jpg
543,ID-155,2025-07-09 23:57:26,logs\entries\2025-07-09\ID-155_235726.jpg
544,ID-156,2025-07-09 23:57:26,logs\entries\2025-07-09\ID-156_235726.jpg
545,ID-157,2025-07-09 23:57:29,logs\entries\2025-07-09\ID-157_235729.jpg
546,ID-158,2025-07-09 23:57:32,logs\entries\2025-07-09\ID-158_235732.jpg
547,ID-159,2025-07-09 23:57:32,logs\entries\2025-07-09\ID-159_235732.jpg
548,ID-160,2025-07-09 23:57:33,logs\entries\2025-07-09\ID-160_235733.jpg
549,ID-161,2025-07-09 23:57:33,logs\entries\2025-07-09\ID-161_235733.jpg
550,ID-162,2025-07-09 23:57:37,logs\entries\2025-07-09\ID-162_235737.jpg
551,ID-163,2025-07-09 23:57:39,logs\entries\2025-07-09\ID-163_235739.jpg
552,ID-164,2025-07-09 23:57:40,logs\entries\2025-07-09\ID-164_235740.jpg
553,ID-165,2025-07-09 23:57:44,logs\entries\2025-07-09\ID-165_235744.jpg
554,ID-166,2025-07-09 23:57:44,logs\entries\2025-07-09\ID-166_235744.jpg
555,ID-167,2025-07-09 23:57:46,logs\entries\2025-07-09\ID-167_235746.jpg
556,ID-168,2025-07-09 23:57:48,logs\entries\2025-07-09\ID-168_235748.jpg
557,ID-169,2025-07-09 23:57:49,logs\entries\2025-07-09\ID-169_235749.jpg
558,ID-170,2025-07-09 23:57:53,logs\entries\2025-07-09\ID-170_235753.jpg
559,ID-171,2025-07-09 23:57:53,logs\entries\2025-07-09\ID-171_235753.jpg
560,ID-172,2025-07-09 23:57:54,logs\entries\2025-07-09\ID-172_235754.jpg
561,ID-173,2025-07-09 23:57:54,logs\entries\2025-07-09\ID-173_235754.jpg
562,ID-174,2025-07-09 23:57:59,logs\entries\2025-07-09\ID-174_235759.jpg
563,ID-175,2025-07-09 23:58:03,logs\entries\2025-07-09\ID-175_235803.jpg
564,ID-176,2025-07-09 23:58:06,logs\entries\2025-07-09\ID-176_235806.jpg
565,ID-177,2025-07-09 23:58:07,logs\entries\2025-07-09\ID-177_235807.jpg
566,ID-178,2025-07-09 23:58:08,logs\entries\2025-07-09\ID-178_235808.jpg
567,ID-179,2025-07-09 23:58:10,logs\entries\2025-07-09\ID-179_235810.jpg
568,ID-180,2025-07-09 23:58:11,logs\entries\2025-07-09\ID-180_235811.jpg
569,ID-181,2025-07-09 23:58:11,logs\entries\2025-07-09\ID-181_235811.jpg
570,ID-182,2025-07-09 23:58:12,logs\entries\2025-07-09\ID-182_235812.jpg
571,ID-183,2025-07-09 23:58:19,logs\entries\2025-07-09\ID-183_235819.jpg
572,ID-184,2025-07-09 23:58:20,logs\entries\2025-07-09\ID-184_235820.jpg
573,ID-185,2025-07-09 23:58:23,logs\entries\2025-07-09\ID-185_235823.jpg
574,ID-186,2025-07-09 23:58:24,logs\entries\2025-07-09\ID-186_235824.jpg
575,ID-187,2025-07-09 23:58:26,logs\entries\2025-07-09\ID-187_235826.jpg
576,ID-188,2025-07-09 23:58:29,logs\entries\2025-07-09\ID-188_235829.jpg
577,ID-189,2025-07-09 23:58:31,logs\entries\2025-07-09\ID-189_235831.jpg
578,ID-190,2025-07-09 23:58:32,logs\entries\2025-07-09\ID-190_235832.jpg
579,ID-191,2025-07-09 23:58:34,logs\entries\2025-07-09\ID-191_235834.jpg
580,ID-192,2025-07-09 23:58:35,logs\entries\2025-07-09\ID-192_235835.jpg
581,ID-001,2025-07-10 00:02:49,logs\entries\2025-07-10\ID-001_000249.jpg
582,ID-002,2025-07-10 00:02:49,logs\entries\2025-07-10\ID-002_000249.jpg
583,ID-003,2025-07-10 00:02:57,logs\entries\2025-07-10\ID-003_000257.jpg
584,ID-004,2025-07-10 00:03:02,logs\entries\2025-07-10\ID-004_000302.jpg
585,ID-005,2025-07-10 00:03:05,logs\entries\2025-07-10\ID-005_000305.jpg
586,ID-006,2025-07-10 00:03:06,logs\entries\2025-07-10\ID-006_000306.jpg
587,ID-007,2025-07-10 00:03:09,logs\entries\2025-07-10\ID-007_000309.jpg
588,ID-008,2025-07-10 00:03:12,logs\entries\2025-07-10\ID-008_000312.jpg
589,ID-009,2025-07-10 00:03:15,logs\entries\2025-07-10\ID-009_000315.jpg
590,ID-010,2025-07-10 00:03:17,logs\entries\2025-07-10\ID-010_000317.jpg
591,ID-011,2025-07-10 00:03:18,logs\entries\2025-07-10\ID-011_000318.jpg
592,ID-012,2025-07-10 00:03:19,logs\entries\2025-07-10\ID-012_000319.jpg
593,ID-013,2025-07-10 00:03:20,logs\entries\2025-07-10\ID-013_000320.jpg
594,ID-014,2025-07-10 00:03:20,logs\entries\2025-07-10\ID-014_000320.jpg
595,ID-015,2025-07-10 00:03:21,logs\entries\2025-07-10\ID-015_000321.jpg
596,ID-016,2025-07-10 00:03:22,logs\entries\2025-07-10\ID-016_000322.jpg
597,ID-017,2025-07-10 00:03:24,logs\entries\2025-07-10\ID-017_000324.jpg
598,ID-018,2025-07-10 00:03:28,logs\entries\2025-07-10\ID-018_000328.jpg
599,ID-019,2025-07-10 00:03:29,logs\entries\2025-07-10\ID-019_000329.jpg
600,ID-020,2025-07-10 00:03:32,logs\entries\2025-07-10\ID-020_000332.jpg
601,ID-021,2025-07-10 00:03:35,logs\entries\2025-07-10\ID-021_000335.jpg
602,ID-022,2025-07-10 00:03:41,logs\entries\2025-07-10\ID-022_000341.jpg
603,ID-023,2025-07-10 00:03:43,logs\entries\2025-07-10\ID-023_000343.jpg
604,ID-024,2025-07-10 00:03:45,logs\entries\2025-07-10\ID-024_000345.jpg
605,ID-025,2025-07-10 00:03:48,logs\entries\2025-07-10\ID-025_000348.jpg
606,ID-026,2025-07-10 00:03:53,logs\entries\2025-07-10\ID-026_000353.jpg
607,ID-027,2025-07-10 00:03:56,logs\entries\2025-07-10\ID-027_000356.jpg
608,ID-028,2025-07-10 00:03:59,logs\entries\2025-07-10\ID-028_000359.jpg
609,ID-029,2025-07-10 00:04:00,logs\entries\2025-07-10\ID-029_000400.jpg
610,ID-030,2025-07-10 00:04:01,logs\entries\2025-07-10\ID-030_000401.jpg
611,ID-031,2025-07-10 00:04:03,logs\entries\2025-07-10\ID-031_000403.jpg
612,ID-032,2025-07-10 00:04:06,logs\entries\2025-07-10\ID-032_000406.jpg
613,ID-033,2025-07-10 00:04:08,logs\entries\2025-07-10\ID-033_000408.jpg
614,ID-034,2025-07-10 00:04:09,logs\entries\2025-07-10\ID-034_000409.jpg
615,ID-035,2025-07-10 00:04:11,logs\entries\2025-07-10\ID-035_000411.jpg
616,ID-036,2025-07-10 00:04:20,logs\entries\2025-07-10\ID-036_000420.jpg
617,ID-037,2025-07-10 00:04:21,logs\entries\2025-07-10\ID-037_000421.jpg
618,ID-038,2025-07-10 00:04:21,logs\entries\2025-07-10\ID-038_000421.jpg
619,ID-039,2025-07-10 00:04:22,logs\entries\2025-07-10\ID-039_000422.jpg
620,ID-040,2025-07-10 00:04:23,logs\entries\2025-07-10\ID-040_000423.jpg
621,ID-041,2025-07-10 00:04:23,logs\entries\2025-07-10\ID-041_000423.jpg
622,ID-042,2025-07-10 00:04:24,logs\entries\2025-07-10\ID-042_000424.jpg
623,ID-043,2025-07-10 00:04:25,logs\entries\2025-07-10\ID-043_000425.jpg
624,ID-044,2025-07-10 00:04:31,logs\entries\2025-07-10\ID-044_000431.jpg
625,ID-045,2025-07-10 00:04:43,logs\entries\2025-07-10\ID-045_000443.jpg
626,ID-046,2025-07-10 00:04:57,logs\entries\2025-07-10\ID-046_000457.jpg
627,ID-047,2025-07-10 00:04:58,logs\entries\2025-07-10\ID-047_000458.jpg
628,ID-048,2025-07-10 00:04:58,logs\entries\2025-07-10\ID-048_000458.jpg
629,ID-049,2025-07-10 00:05:00,logs\entries\2025-07-10\ID-049_000500.jpg
630,ID-050,2025-07-10 00:05:00,logs\entries\2025-07-10\ID-050_000500.jpg
631,ID-051,2025-07-10 00:05:03,logs\entries\2025-07-10\ID-051_000503.jpg
632,ID-052,2025-07-10 00:05:04,logs\entries\2025-07-10\ID-052_000504.jpg
633,ID-053,2025-07-10 00:05:04,logs\entries\2025-07-10\ID-053_000504.jpg
634,ID-054,2025-07-10 00:05:06,logs\entries\2025-07-10\ID-054_000506.jpg
635,ID-055,2025-07-10 00:05:08,logs\entries\2025-07-10\ID-055_000508.jpg
636,ID-056,2025-07-10 00:05:10,logs\entries\2025-07-10\ID-056_000510.jpg
637,ID-057,2025-07-10 00:05:10,logs\entries\2025-07-10\ID-057_000510.jpg
638,ID-058,2025-07-10 00:05:11,logs\entries\2025-07-10\ID-058_000511.jpg
639,ID-059,2025-07-10 00:05:14,logs\entries\2025-07-10\ID-059_000514.jpg
640,ID-060,2025-07-10 00:05:15,logs\entries\2025-07-10\ID-060_000515.jpg
641,ID-061,2025-07-10 00:05:16,logs\entries\2025-07-10\ID-061_000516.jpg
642,ID-062,2025-07-10 00:05:17,logs\entries\2025-07-10\ID-062_000517.jpg
643,ID-063,2025-07-10 00:05:17,logs\entries\2025-07-10\ID-063_000517.jpg
644,ID-064,2025-07-10 00:05:19,logs\entries\2025-07-10\ID-064_000519.jpg
645,ID-065,2025-07-10 00:05:19,logs\entries\2025-07-10\ID-065_000519.jpg
646,ID-066,2025-07-10 00:05:20,logs\entries\2025-07-10\ID-066_000520.jpg
647,ID-067,2025-07-10 00:05:20,logs\entries\2025-07-10\ID-067_000520.jpg
648,ID-068,2025-07-10 00:05:21,logs\entries\2025-07-10\ID-068_000521.jpg
649,ID-069,2025-07-10 00:05:23,logs\entries\2025-07-10\ID-069_000523.jpg
650,ID-070,2025-07-10 00:05:25,logs\entries\2025-07-10\ID-070_000525.jpg
651,ID-071,2025-07-10 00:05:26,logs\entries\2025-07-10\ID-071_000526.jpg
652,ID-072,2025-07-10 00:05:27,logs\entries\2025-07-10\ID-072_000527.jpg
653,ID-073,2025-07-10 00:05:28,logs\entries\2025-07-10\ID-073_000528.jpg
654,ID-074,2025-07-10 00:05:28,logs\entries\2025-07-10\ID-074_000528.jpg
655,ID-075,2025-07-10 00:05:29,logs\entries\2025-07-10\ID-075_000529.jpg
656,ID-076,2025-07-10 00:05:31,logs\entries\2025-07-10\ID-076_000531.jpg
657,ID-077,2025-07-10 00:05:31,logs\entries\2025-07-10\ID-077_000531.jpg
658,ID-078,2025-07-10 00:05:33,logs\entries\2025-07-10\ID-078_000533.jpg
659,ID-079,2025-07-10 00:05:33,logs\entries\2025-07-10\ID-079_000533.jpg
660,ID-080,2025-07-10 00:05:35,logs\entries\2025-07-10\ID-080_000535.jpg
661,ID-081,2025-07-10 00:05:38,logs\entries\2025-07-10\ID-081_000538.jpg
662,ID-082,2025-07-10 00:05:38,logs\entries\2025-07-10\ID-082_000538.jpg
663,ID-083,2025-07-10 00:05:40,logs\entries\2025-07-10\ID-083_000540.jpg
664,ID-084,2025-07-10 00:05:44,logs\entries\2025-07-10\ID-084_000544.jpg
665,ID-085,2025-07-10 00:05:46,logs\entries\2025-07-10\ID-085_000546.jpg
666,ID-086,2025-07-10 00:05:51,logs\entries\2025-07-10\ID-086_000551.jpg
667,ID-087,2025-07-10 00:05:54,logs\entries\2025-07-10\ID-087_000554.jpg
668,ID-088,2025-07-10 00:05:57,logs\entries\2025-07-10\ID-088_000557.jpg
669,ID-089,2025-07-10 00:05:58,logs\entries\2025-07-10\ID-089_000558.jpg
670,ID-090,2025-07-10 00:05:59,logs\entries\2025-07-10\ID-090_000559.jpg
671,ID-091,2025-07-10 00:06:00,logs\entries\2025-07-10\ID-091_000600.jpg
672,ID-092,2025-07-10 00:06:02,logs\entries\2025-07-10\ID-092_000602.jpg
673,ID-093,2025-07-10 00:06:03,logs\entries\2025-07-10\ID-093_000603.jpg
674,ID-094,2025-07-10 00:06:03,logs\entries\2025-07-10\ID-094_000603.jpg
675,ID-095,2025-07-10 00:06:04,logs\entries\2025-07-10\ID-095_000604.jpg
676,ID-096,2025-07-10 00:06:05,logs\entries\2025-07-10\ID-096_000605.jpg
677,ID-097,2025-07-10 00:06:06,logs\entries\2025-07-10\ID-097_000606.jpg
678,ID-098,2025-07-10 00:06:07,logs\entries\2025-07-10\ID-098_000607.jpg
679,ID-099,2025-07-10 00:06:08,logs\entries\2025-07-10\ID-099_000608.jpg
680,ID-100,2025-07-10 00:06:09,logs\entries\2025-07-10\ID-100_000609.jpg
681,ID-101,2025-07-10 00:06:11,logs\entries\2025-07-10\ID-101_000611.jpg
682,ID-102,2025-07-10 00:06:13,logs\entries\2025-07-10\ID-102_000613.jpg
683,ID-103,2025-07-10 00:06:15,logs\entries\2025-07-10\ID-103_000615.jpg
684,ID-104,2025-07-10 00:06:16,logs\entries\2025-07-10\ID-104_000616.jpg
685,ID-105,2025-07-10 00:06:18,logs\entries\2025-07-10\ID-105_000618.jpg
686,ID-106,2025-07-10 00:06:19,logs\entries\2025-07-10\ID-106_000619.jpg
687,ID-107,2025-07-10 00:06:22,logs\entries\2025-07-10\ID-107_000622.jpg
688,ID-108,2025-07-10 00:06:23,logs\entries\2025-07-10\ID-108_000623.jpg
689,ID-109,2025-07-10 00:06:23,logs\entries\2025-07-10\ID-109_000623.jpg
690,ID-110,2025-07-10 00:06:24,logs\entries\2025-07-10\ID-110_000624.jpg
691,ID-111,2025-07-10 00:06:26,logs\entries\2025-07-10\ID-111_000626.jpg
692,ID-112,2025-07-10 00:06:27,logs\entries\2025-07-10\ID-112_000627.jpg
693,ID-113,2025-07-10 00:06:29,logs\entries\2025-07-10\ID-113_000629.jpg
694,ID-114,2025-07-10 00:06:30,logs\entries\2025-07-10\ID-114_000630.jpg
695,ID-115,2025-07-10 00:06:34,logs\entries\2025-07-10\ID-115_000634.jpg
696,ID-116,2025-07-10 00:06:35,logs\entries\2025-07-10\ID-116_000635.jpg
697,ID-117,2025-07-10 00:06:36,logs\entries\2025-07-10\ID-117_000636.jpg
698,ID-118,2025-07-10 00:06:37,logs\entries\2025-07-10\ID-118_000637.jpg
699,ID-119,2025-07-10 00:06:39,logs\entries\2025-07-10\ID-119_000639.jpg
700,ID-120,2025-07-10 00:06:40,logs\entries\2025-07-10\ID-120_000640.jpg
701,ID-121,2025-07-10 00:06:41,logs\entries\2025-07-10\ID-121_000641.jpg
702,ID-122,2025-07-10 00:06:41,logs\entries\2025-07-10\ID-122_000641.jpg
703,ID-123,2025-07-10 00:06:42,logs\entries\2025-07-10\ID-123_000642.jpg
704,ID-124,2025-07-10 00:06:42,logs\entries\2025-07-10\ID-124_000642.jpg
705,ID-125,2025-07-10 00:06:43,logs\entries\2025-07-10\ID-125_000643.jpg
706,ID-126,2025-07-10 00:06:44,logs\entries\2025-07-10\ID-126_000644.jpg
707,ID-127,2025-07-10 00:06:46,logs\entries\2025-07-10\ID-127_000646.jpg
708,ID-128,2025-07-10 00:06:47,logs\entries\2025-07-10\ID-128_000647.jpg
709,ID-129,2025-07-10 00:06:48,logs\entries\2025-07-10\ID-129_000648.jpg
710,ID-130,2025-07-10 00:06:50,logs\entries\2025-07-10\ID-130_000650.jpg
711,ID-131,2025-07-10 00:06:51,logs\entries\2025-07-10\ID-131_000651.jpg
712,ID-132,2025-07-10 00:06:53,logs\entries\2025-07-10\ID-132_000653.jpg
713,ID-133,2025-07-10 00:06:54,logs\entries\2025-07-10\ID-133_000654.jpg
714,ID-134,2025-07-10 00:06:55,logs\entries\2025-07-10\ID-134_000655.jpg
715,ID-135,2025-07-10 00:06:57,logs\entries\2025-07-10\ID-135_000657.jpg
716,ID-136,2025-07-10 00:06:58,logs\entries\2025-07-10\ID-136_000658.jpg
717,ID-137,2025-07-10 00:06:58,logs\entries\2025-07-10\ID-137_000658.jpg
718,ID-138,2025-07-10 00:06:59,logs\entries\2025-07-10\ID-138_000659.jpg
719,ID-139,2025-07-10 00:06:59,logs\entries\2025-07-10\ID-139_000659.jpg
720,ID-140,2025-07-10 00:06:59,logs\entries\2025-07-10\ID-140_000659.jpg
721,ID-141,2025-07-10 00:07:01,logs\entries\2025-07-10\ID-141_000701.jpg
722,ID-142,2025-07-10 00:07:02,logs\entries\2025-07-10\ID-142_000702.jpg
723,ID-143,2025-07-10 00:07:04,logs\entries\2025-07-10\ID-143_000704.jpg
724,ID-144,2025-07-10 00:07:07,logs\entries\2025-07-10\ID-144_000707.jpg
725,ID-145,2025-07-10 00:07:08,logs\entries\2025-07-10\ID-145_000708.jpg
726,ID-146,2025-07-10 00:07:10,logs\entries\2025-07-10\ID-146_000710.jpg
727,ID-147,2025-07-10 00:07:11,logs\entries\2025-07-10\ID-147_000711.jpg
728,ID-148,2025-07-10 00:07:11,logs\entries\2025-07-10\ID-148_000711.jpg
729,ID-149,2025-07-10 00:07:13,logs\entries\2025-07-10\ID-149_000713.jpg
730,ID-150,2025-07-10 00:07:14,logs\entries\2025-07-10\ID-150_000714.jpg
731,ID-151,2025-07-10 00:07:20,logs\entries\2025-07-10\ID-151_000720.jpg
732,ID-152,2025-07-10 00:07:21,logs\entries\2025-07-10\ID-152_000721.jpg
733,ID-153,2025-07-10 00:07:21,logs\entries\2025-07-10\ID-153_000721.jpg
734,ID-154,2025-07-10 00:07:23,logs\entries\2025-07-10\ID-154_000723.jpg
735,ID-155,2025-07-10 00:07:27,logs\entries\2025-07-10\ID-155_000727.jpg
736,ID-156,2025-07-10 00:07:27,logs\entries\2025-07-10\ID-156_000727.jpg
737,ID-157,2025-07-10 00:07:30,logs\entries\2025-07-10\ID-157_000730.jpg
738,ID-158,2025-07-10 00:07:32,logs\entries\2025-07-10\ID-158_000732.jpg
739,ID-159,2025-07-10 00:07:32,logs\entries\2025-07-10\ID-159_000732.jpg
740,ID-160,2025-07-10 00:07:33,logs\entries\2025-07-10\ID-160_000733.jpg
741,ID-161,2025-07-10 00:07:33,logs\entries\2025-07-10\ID-161_000733.jpg
742,ID-162,2025-07-10 00:07:36,logs\entries\2025-07-10\ID-162_000736.jpg
743,ID-163,2025-07-10 00:07:39,logs\entries\2025-07-10\ID-163_000739.jpg
744,ID-164,2025-07-10 00:07:39,logs\entries\2025-07-10\ID-164_000739.jpg
745,ID-165,2025-07-10 00:07:43,logs\entries\2025-07-10\ID-165_000743.jpg
746,ID-166,2025-07-10 00:07:43,logs\entries\2025-07-10\ID-166_000743.jpg
747,ID-167,2025-07-10 00:07:45,logs\entries\2025-07-10\ID-167_000745.jpg
748,ID-168,2025-07-10 00:07:47,logs\entries\2025-07-10\ID-168_000747.jpg
749,ID-169,2025-07-10 00:07:48,logs\entries\2025-07-10\ID-169_000748.jpg
750,ID-170,2025-07-10 00:07:53,logs\entries\2025-07-10\ID-170_000753.jpg
751,ID-171,2025-07-10 00:07:53,logs\entries\2025-07-10\ID-171_000753.jpg
752,ID-172,2025-07-10 00:07:54,logs\entries\2025-07-10\ID-172_000754.jpg
753,ID-173,2025-07-10 00:07:54,logs\entries\2025-07-10\ID-173_000754.jpg
754,ID-174,2025-07-10 00:07:59,logs\entries\2025-07-10\ID-174_000759.jpg
755,ID-175,2025-07-10 00:08:03,logs\entries\2025-07-10\ID-175_000803.jpg
756,ID-176,2025-07-10 00:08:06,logs\entries\2025-07-10\ID-176_000806.jpg
757,ID-177,2025-07-10 00:08:08,logs\entries\2025-07-10\ID-177_000808.jpg
758,ID-178,2025-07-10 00:08:09,logs\entries\2025-07-10\ID-178_000809.jpg
759,ID-179,2025-07-10 00:08:10,logs\entries\2025-07-10\ID-179_000810.jpg
760,ID-180,2025-07-10 00:08:11,logs\entries\2025-07-10\ID-180_000811.jpg
761,ID-181,2025-07-10 00:08:11,logs\entries\2025-07-10\ID-181_000811.jpg
762,ID-182,2025-07-10 00:08:12,logs\entries\2025-07-10\ID-182_000812.jpg
763,ID-183,2025-07-10 00:08:18,logs\entries\2025-07-10\ID-183_000818.jpg
764,ID-184,2025-07-10 00:08:18,logs\entries\2025-07-10\ID-184_000818.jpg
765,ID-185,2025-07-10 00:08:20,logs\entries\2025-07-10\ID-185_000820.jpg
766,ID-186,2025-07-10 00:08:21,logs\entries\2025-07-10\ID-186_000821.jpg
767,ID-187,2025-07-10 00:08:22,logs\entries\2025-07-10\ID-187_000822.jpg
768,ID-188,2025-07-10 00:08:24,logs\entries\2025-07-10\ID-188_000824.jpg
769,ID-189,2025-07-10 00:08:26,logs\entries\2025-07-10\ID-189_000826.jpg
770,ID-190,2025-07-10 00:08:28,logs\entries\2025-07-10\ID-190_000828.jpg
771,ID-191,2025-07-10 00:08:29,logs\entries\2025-07-10\ID-191_000829.jpg
772,ID-192,2025-07-10 00:08:30,logs\entries\2025-07-10\ID-192_000830.jpg
773,ID-193,2025-07-10 00:08:32,logs\entries\2025-07-10\ID-193_000832.jpg
774,ID-194,2025-07-10 00:08:32,logs\entries\2025-07-10\ID-194_000832.jpg
775,ID-195,2025-07-10 00:08:35,logs\entries\2025-07-10\ID-195_000835.jpg
776,ID-196,2025-07-10 00:08:37,logs\entries\2025-07-10\ID-196_000837.jpg
777,ID-197,2025-07-10 00:08:40,logs\entries\2025-07-10\ID-197_000840.jpg
778,ID-198,2025-07-10 00:08:40,logs\entries\2025-07-10\ID-198_000840.jpg
779,ID-199,2025-07-10 00:08:44,logs\entries\2025-07-10\ID-199_000844.jpg
780,ID-200,2025-07-10 00:08:52,logs\entries\2025-07-10\ID-200_000852.jpg
781,ID-201,2025-07-10 00:08:54,logs\entries\2025-07-10\ID-201_000854.jpg
782,ID-202,2025-07-10 00:09:00,logs\entries\2025-07-10\ID-202_000900.jpg
783,ID-203,2025-07-10 00:09:02,logs\entries\2025-07-10\ID-203_000902.jpg
784,ID-204,2025-07-10 00:09:05,logs\entries\2025-07-10\ID-204_000905.jpg
785,ID-205,2025-07-10 00:09:08,logs\entries\2025-07-10\ID-205_000908.jpg
786,ID-206,2025-07-10 00:09:16,logs\entries\2025-07-10\ID-206_000916.jpg
787,ID-207,2025-07-10 00:09:18,logs\entries\2025-07-10\ID-207_000918.jpg
788,ID-208,2025-07-10 00:09:19,logs\entries\2025-07-10\ID-208_000919.jpg
789,ID-209,2025-07-10 00:09:21,logs\entries\2025-07-10\ID-209_000921.jpg
790,ID-210,2025-07-10 00:09:24,logs\entries\2025-07-10\ID-210_000924.jpg
791,ID-211,2025-07-10 00:09:26,logs\entries\2025-07-10\ID-211_000926.jpg
792,ID-212,2025-07-10 00:09:28,logs\entries\2025-07-10\ID-212_000928.jpg
793,ID-213,2025-07-10 00:09:31,logs\entries\2025-07-10\ID-213_000931.jpg
794,ID-214,2025-07-10 00:09:34,logs\entries\2025-07-10\ID-214_000934.jpg
795,ID-215,2025-07-10 00:09:35,logs\entries\2025-07-10\ID-215_000935.jpg
796,ID-216,2025-07-10 00:09:37,logs\entries\2025-07-10\ID-216_000937.jpg
797,ID-217,2025-07-10 00:09:37,logs\entries\2025-07-10\ID-217_000937.jpg
798,ID-218,2025-07-10 00:09:38,logs\entries\2025-07-10\ID-218_000938.jpg
799,ID-219,2025-07-10 00:09:38,logs\entries\2025-07-10\ID-219_000938.jpg
800,ID-220,2025-07-10 00:09:39,logs\entries\2025-07-10\ID-220_000939.jpg
801,ID-221,2025-07-10 00:09:41,logs\entries\2025-07-10\ID-221_000940.jpg
802,ID-222,2025-07-10 00:09:45,logs\entries\2025-07-10\ID-222_000945.jpg
803,ID-223,2025-07-10 00:09:47,logs\entries\2025-07-10\ID-223_000947.jpg
804,ID-224,2025-07-10 00:09:52,logs\entries\2025-07-10\ID-224_000952.jpg
805,ID-225,2025-07-10 00:09:52,logs\entries\2025-07-10\ID-225_000952.jpg
806,ID-226,2025-07-10 00:09:54,logs\entries\2025-07-10\ID-226_000954.jpg
807,ID-227,2025-07-10 00:10:02,logs\entries\2025-07-10\ID-227_001002.jpg
808,ID-228,2025-07-10 00:10:03,logs\entries\2025-07-10\ID-228_001003.jpg
809,ID-229,2025-07-10 00:10:09,logs\entries\2025-07-10\ID-229_001009.jpg
810,ID-230,2025-07-10 00:10:10,logs\entries\2025-07-10\ID-230_001010.jpg
811,ID-231,2025-07-10 00:10:10,logs\entries\2025-07-10\ID-231_001010.jpg
812,ID-232,2025-07-10 00:10:12,logs\entries\2025-07-10\ID-232_001012.jpg
813,ID-233,2025-07-10 00:10:14,logs\entries\2025-07-10\ID-233_001014.jpg
814,ID-234,2025-07-10 00:10:22,logs\entries\2025-07-10\ID-234_001022.jpg
815,ID-235,2025-07-10 00:10:29,logs\entries\2025-07-10\ID-235_001029.jpg
816,ID-236,2025-07-10 00:10:36,logs\entries\2025-07-10\ID-236_001036.jpg
817,ID-237,2025-07-10 00:10:37,logs\entries\2025-07-10\ID-237_001037.jpg
818,ID-238,2025-07-10 00:10:39,logs\entries\2025-07-10\ID-238_001039.jpg
819,ID-239,2025-07-10 00:10:39,logs\entries\2025-07-10\ID-239_001039.jpg
820,ID-240,2025-07-10 00:10:39,logs\entries\2025-07-10\ID-240_001039.jpg
821,ID-241,2025-07-10 00:10:43,logs\entries\2025-07-10\ID-241_001043.jpg
822,ID-242,2025-07-10 00:10:49,logs\entries\2025-07-10\ID-242_001049.jpg
823,ID-243,2025-07-10 00:10:57,logs\entries\2025-07-10\ID-243_001057.jpg
824,ID-244,2025-07-10 00:11:06,logs\entries\2025-07-10\ID-244_001106.jpg
825,ID-245,2025-07-10 00:11:11,logs\entries\2025-07-10\ID-245_001111.jpg
826,ID-246,2025-07-10 00:11:12,logs\entries\2025-07-10\ID-246_001112.jpg
827,ID-247,2025-07-10 00:11:15,logs\entries\2025-07-10\ID-247_001115.jpg
828,ID-248,2025-07-10 00:11:24,logs\entries\2025-07-10\ID-248_001124.jpg
829,ID-249,2025-07-10 00:11:26,logs\entries\2025-07-10\ID-249_001126.jpg
830,ID-250,2025-07-10 00:11:30,logs\entries\2025-07-10\ID-250_001130.jpg
831,ID-251,2025-07-10 00:11:45,logs\entries\2025-07-10\ID-251_001145.jpg
832,ID-252,2025-07-10 00:11:49,logs\entries\2025-07-10\ID-252_001149.jpg
833,ID-253,2025-07-10 00:11:59,logs\entries\2025-07-10\ID-253_001159.jpg
834,ID-254,2025-07-10 00:12:04,logs\entries\2025-07-10\ID-254_001204.jpg
835,ID-255,2025-07-10 00:12:06,logs\entries\2025-07-10\ID-255_001206.jpg
836,ID-256,2025-07-10 00:12:07,logs\entries\2025-07-10\ID-256_001207.jpg
837,ID-257,2025-07-10 00:12:08,logs\entries\2025-07-10\ID-257_001208.jpg
838,ID-258,2025-07-10 00:12:08,logs\entries\2025-07-10\ID-258_001208.jpg
839,ID-259,2025-07-10 00:12:09,logs\entries\2025-07-10\ID-259_001209.jpg
840,ID-260,2025-07-10 00:12:10,logs\entries\2025-07-10\ID-260_001210.jpg
841,ID-261,2025-07-10 00:12:14,logs\entries\2025-07-10\ID-261_001214.jpg
842,ID-262,2025-07-10 00:12:15,logs\entries\2025-07-10\ID-262_001215.jpg
843,ID-263,2025-07-10 00:12:21,logs\entries\2025-07-10\ID-263_001221.jpg
844,ID-264,2025-07-10 00:12:29,logs\entries\2025-07-10\ID-264_001229.jpg
845,ID-265,2025-07-10 00:12:34,logs\entries\2025-07-10\ID-265_001234.jpg
846,ID-266,2025-07-10 00:12:38,logs\entries\2025-07-10\ID-266_001238.jpg
847,ID-267,2025-07-10 00:12:40,logs\entries\2025-07-10\ID-267_001240.jpg
848,ID-268,2025-07-10 00:12:44,logs\entries\2025-07-10\ID-268_001244.jpg
849,ID-269,2025-07-10 00:12:48,logs\entries\2025-07-10\ID-269_001248.jpg
850,ID-270,2025-07-10 00:12:54,logs\entries\2025-07-10\ID-270_001254.jpg
851,ID-271,2025-07-10 00:13:02,logs\entries\2025-07-10\ID-271_001302.jpg
852,ID-272,2025-07-10 00:13:03,logs\entries\2025-07-10\ID-272_001303.jpg
853,ID-273,2025-07-10 00:13:05,logs\entries\2025-07-10\ID-273_001305.jpg
854,ID-274,2025-07-10 00:13:07,logs\entries\2025-07-10\ID-274_001307.jpg
855,ID-275,2025-07-10 00:13:08,logs\entries\2025-07-10\ID-275_001308.jpg
856,ID-276,2025-07-10 00:13:12,logs\entries\2025-07-10\ID-276_001312.jpg
857,ID-277,2025-07-10 00:13:21,logs\entries\2025-07-10\ID-277_001321.jpg
858,ID-278,2025-07-10 00:13:26,logs\entries\2025-07-10\ID-278_001326.jpg
859,ID-279,2025-07-10 00:13:33,logs\entries\2025-07-10\ID-279_001333.jpg
860,ID-280,2025-07-10 00:13:33,logs\entries\2025-07-10\ID-280_001333.jpg
861,ID-281,2025-07-10 00:13:35,logs\entries\2025-07-10\ID-281_001335.jpg
862,ID-282,2025-07-10 00:13:41,logs\entries\2025-07-10\ID-282_001341.jpg
863,ID-283,2025-07-10 00:13:55,logs\entries\2025-07-10\ID-283_001355.jpg
864,ID-284,2025-07-10 00:13:56,logs\entries\2025-07-10\ID-284_001356.jpg
865,ID-285,2025-07-10 00:14:05,logs\entries\2025-07-10\ID-285_001405.jpg
866,ID-286,2025-07-10 00:14:14,logs\entries\2025-07-10\ID-286_001414.jpg
867,ID-287,2025-07-10 00:14:21,logs\entries\2025-07-10\ID-287_001421.jpg
868,ID-288,2025-07-10 00:14:25,logs\entries\2025-07-10\ID-288_001425.jpg
869,ID-289,2025-07-10 00:14:32,logs\entries\2025-07-10\ID-289_001432.jpg
870,ID-290,2025-07-10 00:14:33,logs\entries\2025-07-10\ID-290_001433.jpg
871,ID-291,2025-07-10 00:14:37,logs\entries\2025-07-10\ID-291_001437.jpg
872,ID-292,2025-07-10 00:14:38,logs\entries\2025-07-10\ID-292_001438.jpg
873,ID-293,2025-07-10 00:14:46,logs\entries\2025-07-10\ID-293_001446.jpg
874,ID-294,2025-07-10 00:14:47,logs\entries\2025-07-10\ID-294_001447.jpg
875,ID-295,2025-07-10 00:14:53,logs\entries\2025-07-10\ID-295_001453.jpg
876,ID-296,2025-07-10 00:14:58,logs\entries\2025-07-10\ID-296_001458.jpg
877,ID-297,2025-07-10 00:15:00,logs\entries\2025-07-10\ID-297_001500.jpg
878,ID-298,2025-07-10 00:15:01,logs\entries\2025-07-10\ID-298_001501.jpg
879,ID-299,2025-07-10 00:15:01,logs\entries\2025-07-10\ID-299_001501.jpg
880,ID-300,2025-07-10 00:15:02,logs\entries\2025-07-10\ID-300_001502.jpg
881,ID-301,2025-07-10 00:15:06,logs\entries\2025-07-10\ID-301_001506.jpg
882,ID-302,2025-07-10 00:15:07,logs\entries\2025-07-10\ID-302_001507.jpg
883,ID-303,2025-07-10 00:15:12,logs\entries\2025-07-10\ID-303_001512.jpg
884,ID-304,2025-07-10 00:15:23,logs\entries\2025-07-10\ID-304_001523.jpg
885,ID-305,2025-07-10 00:15:33,logs\entries\2025-07-10\ID-305_001533.jpg
886,ID-306,2025-07-10 00:15:38,logs\entries\2025-07-10\ID-306_001538.jpg
887,ID-307,2025-07-10 00:15:39,logs\entries\2025-07-10\ID-307_001539.jpg
888,ID-308,2025-07-10 00:16:04,logs\entries\2025-07-10\ID-308_001604.jpg
889,ID-309,2025-07-10 00:16:05,logs\entries\2025-07-10\ID-309_001605.jpg
890,ID-310,2025-07-10 00:16:06,logs\entries\2025-07-10\ID-310_001606.jpg
891,ID-311,2025-07-10 00:16:07,logs\entries\2025-07-10\ID-311_001607.jpg
892,ID-312,2025-07-10 00:16:12,logs\entries\2025-07-10\ID-312_001612.jpg
893,ID-313,2025-07-10 00:16:38,logs\entries\2025-07-10\ID-313_001638.jpg
894,ID-314,2025-07-10 00:16:44,logs\entries\2025-07-10\ID-314_001644.jpg
895,ID-315,2025-07-10 00:16:48,logs\entries\2025-07-10\ID-315_001648.jpg
896,ID-316,2025-07-10 00:16:54,logs\entries\2025-07-10\ID-316_001654.jpg
897,ID-317,2025-07-10 00:16:58,logs\entries\2025-07-10\ID-317_001658.jpg
898,ID-318,2025-07-10 00:17:05,logs\entries\2025-07-10\ID-318_001705.jpg
899,ID-319,2025-07-10 00:17:06,logs\entries\2025-07-10\ID-319_001706.jpg
900,ID-320,2025-07-10 00:17:07,logs\entries\2025-07-10\ID-320_001707.jpg
901,ID-321,2025-07-10 00:17:07,logs\entries\2025-07-10\ID-321_001707.jpg
902,ID-322,2025-07-10 00:17:32,logs\entries\2025-07-10\ID-322_001732.jpg
903,ID-323,2025-07-10 00:17:36,logs\entries\2025-07-10\ID-323_001736.jpg
904,ID-324,2025-07-10 00:17:37,logs\entries\2025-07-10\ID-324_001737.jpg
905,ID-325,2025-07-10 00:17:38,logs\entries\2025-07-10\ID-325_001738.jpg
906,ID-326,2025-07-10 00:17:40,logs\entries\2025-07-10\ID-326_001740.jpg
907,ID-327,2025-07-10 00:17:41,logs\entries\2025-07-10\ID-327_001741.jpg
908,ID-328,2025-07-10 00:17:42,logs\entries\2025-07-10\ID-328_001742.jpg
909,ID-329,2025-07-10 00:17:43,logs\entries\2025-07-10\ID-329_001743.jpg
910,ID-330,2025-07-10 00:17:46,logs\entries\2025-07-10\ID-330_001746.jpg
911,ID-331,2025-07-10 00:17:47,logs\entries\2025-07-10\ID-331_001747.jpg
912,ID-332,2025-07-10 00:17:57,logs\entries\2025-07-10\ID-332_001757.jpg
913,ID-333,2025-07-10 00:17:59,logs\entries\2025-07-10\ID-333_001759.jpg
914,ID-334,2025-07-10 00:18:01,logs\entries\2025-07-10\ID-334_001801.jpg
915,ID-335,2025-07-10 00:18:04,logs\entries\2025-07-10\ID-335_001804.jpg
916,ID-336,2025-07-10 00:18:09,logs\entries\2025-07-10\ID-336_001809.jpg
917,ID-337,2025-07-10 00:18:14,logs\entries\2025-07-10\ID-337_001814.jpg
918,ID-338,2025-07-10 00:18:21,logs\entries\2025-07-10\ID-338_001821.jpg
919,ID-339,2025-07-10 00:18:24,logs\entries\2025-07-10\ID-339_001824.jpg
920,ID-340,2025-07-10 00:18:27,logs\entries\2025-07-10\ID-340_001827.jpg
921,ID-341,2025-07-10 00:18:29,logs\entries\2025-07-10\ID-341_001829.jpg
922,ID-342,2025-07-10 00:18:30,logs\entries\2025-07-10\ID-342_001830.jpg
923,ID-343,2025-07-10 00:18:31,logs\entries\2025-07-10\ID-343_001831.jpg
924,ID-344,2025-07-10 00:18:41,logs\entries\2025-07-10\ID-344_001841.jpg
925,ID-345,2025-07-10 00:18:48,logs\entries\2025-07-10\ID-345_001848.jpg
926,ID-346,2025-07-10 00:18:49,logs\entries\2025-07-10\ID-346_001849.jpg
927,ID-347,2025-07-10 00:18:50,logs\entries\2025-07-10\ID-347_001850.jpg
928,ID-348,2025-07-10 00:19:08,logs\entries\2025-07-10\ID-348_001908.jpg
929,ID-349,2025-07-10 00:19:21,logs\entries\2025-07-10\ID-349_001921.jpg
930,ID-350,2025-07-10 00:19:36,logs\entries\2025-07-10\ID-350_001936.jpg
931,ID-351,2025-07-10 00:19:44,logs\entries\2025-07-10\ID-351_001944.jpg
932,ID-352,2025-07-10 00:19:45,logs\entries\2025-07-10\ID-352_001945.jpg
933,ID-353,2025-07-10 00:19:46,logs\entries\2025-07-10\ID-353_001946.jpg
934,ID-354,2025-07-10 00:19:48,logs\entries\2025-07-10\ID-354_001948.jpg
935,ID-355,2025-07-10 00:20:09,logs\entries\2025-07-10\ID-355_002009.jpg
936,ID-356,2025-07-10 00:20:13,logs\entries\2025-07-10\ID-356_002013.jpg
937,ID-357,2025-07-10 00:20:23,logs\entries\2025-07-10\ID-357_002023.jpg
938,ID-358,2025-07-10 00:20:36,logs\entries\2025-07-10\ID-358_002036.jpg
939,ID-359,2025-07-10 00:20:42,logs\entries\2025-07-10\ID-359_002042.jpg
940,ID-360,2025-07-10 00:20:45,logs\entries\2025-07-10\ID-360_002045.jpg
941,ID-361,2025-07-10 00:20:59,logs\entries\2025-07-10\ID-361_002059.jpg
942,ID-362,2025-07-10 00:21:04,logs\entries\2025-07-10\ID-362_002104.jpg
943,ID-363,2025-07-10 00:21:14,logs\entries\2025-07-10\ID-363_002114.jpg
944,ID-364,2025-07-10 00:21:15,logs\entries\2025-07-10\ID-364_002115.jpg
945,ID-365,2025-07-10 00:21:27,logs\entries\2025-07-10\ID-365_002127.jpg
946,ID-366,2025-07-10 00:21:35,logs\entries\2025-07-10\ID-366_002135.jpg
947,ID-367,2025-07-10 00:21:50,logs\entries\2025-07-10\ID-367_002150.jpg
948,ID-368,2025-07-10 00:21:52,logs\entries\2025-07-10\ID-368_002152.jpg
949,ID-369,2025-07-10 00:21:53,logs\entries\2025-07-10\ID-369_002153.jpg
950,ID-370,2025-07-10 00:21:54,logs\entries\2025-07-10\ID-370_002154.jpg
951,ID-371,2025-07-10 00:21:54,logs\entries\2025-07-10\ID-371_002154.jpg
952,ID-372,2025-07-10 00:21:57,logs\entries\2025-07-10\ID-372_002157.jpg
953,ID-373,2025-07-10 00:21:58,logs\entries\2025-07-10\ID-373_002158.jpg
954,ID-374,2025-07-10 00:22:04,logs\entries\2025-07-10\ID-374_002204.jpg
955,ID-375,2025-07-10 00:22:14,logs\entries\2025-07-10\ID-375_002214.jpg
956,ID-376,2025-07-10 00:22:20,logs\entries\2025-07-10\ID-376_002220.jpg
957,ID-377,2025-07-10 00:22:20,logs\entries\2025-07-10\ID-377_002220.jpg
958,ID-378,2025-07-10 00:22:21,logs\entries\2025-07-10\ID-378_002221.jpg
959,ID-379,2025-07-10 00:22:23,logs\entries\2025-07-10\ID-379_002223.jpg
960,ID-380,2025-07-10 00:22:24,logs\entries\2025-07-10\ID-380_002224.jpg
961,ID-381,2025-07-10 00:22:25,logs\entries\2025-07-10\ID-381_002225.jpg
962,ID-382,2025-07-10 00:22:28,logs\entries\2025-07-10\ID-382_002228.jpg
963,ID-383,2025-07-10 00:22:32,logs\entries\2025-07-10\ID-383_002232.jpg
964,ID-384,2025-07-10 00:22:35,logs\entries\2025-07-10\ID-384_002235.jpg
965,ID-385,2025-07-10 00:22:43,logs\entries\2025-07-10\ID-385_002243.jpg
966,ID-386,2025-07-10 00:22:44,logs\entries\2025-07-10\ID-386_002244.jpg
967,ID-387,2025-07-10 00:22:49,logs\entries\2025-07-10\ID-387_002249.jpg
968,ID-388,2025-07-10 00:22:54,logs\entries\2025-07-10\ID-388_002254.jpg
969,ID-389,2025-07-10 00:23:00,logs\entries\2025-07-10\ID-389_002300.jpg
970,ID-390,2025-07-10 00:23:37,logs\entries\2025-07-10\ID-390_002337.jpg
971,ID-391,2025-07-10 00:23:44,logs\entries\2025-07-10\ID-391_002344.jpg
972,ID-392,2025-07-10 00:23:46,logs\entries\2025-07-10\ID-392_002346.jpg
973,ID-393,2025-07-10 00:23:48,logs\entries\2025-07-10\ID-393_002348.jpg
974,ID-394,2025-07-10 00:23:53,logs\entries\2025-07-10\ID-394_002353.jpg
975,ID-395,2025-07-10 00:23:55,logs\entries\2025-07-10\ID-395_002355.jpg
976,ID-396,2025-07-10 00:23:57,logs\entries\2025-07-10\ID-396_002357.jpg
977,ID-397,2025-07-10 00:23:59,logs\entries\2025-07-10\ID-397_002359.jpg
978,ID-398,2025-07-10 00:24:00,logs\entries\2025-07-10\ID-398_002400.jpg
979,ID-399,2025-07-10 00:24:07,logs\entries\2025-07-10\ID-399_002407.jpg
980,ID-400,2025-07-10 00:24:19,logs\entries\2025-07-10\ID-400_002419.jpg
981,ID-401,2025-07-10 00:24:52,logs\entries\2025-07-10\ID-401_002452.jpg
982,ID-402,2025-07-10 00:24:57,logs\entries\2025-07-10\ID-402_002457.jpg
983,ID-403,2025-07-10 00:25:00,logs\entries\2025-07-10\ID-403_002500.jpg
984,ID-404,2025-07-10 00:25:16,logs\entries\2025-07-10\ID-404_002516.jpg
985,ID-405,2025-07-10 00:25:31,logs\entries\2025-07-10\ID-405_002531.jpg
986,ID-406,2025-07-10 00:25:56,logs\entries\2025-07-10\ID-406_002556.jpg
987,ID-407,2025-07-10 00:25:59,logs\entries\2025-07-10\ID-407_002559.jpg
988,ID-408,2025-07-10 00:26:00,logs\entries\2025-07-10\ID-408_002600.jpg
989,ID-409,2025-07-10 00:26:02,logs\entries\2025-07-10\ID-409_002602.jpg
990,ID-410,2025-07-10 00:26:05,logs\entries\2025-07-10\ID-410_002605.jpg
991,ID-411,2025-07-10 00:26:06,logs\entries\2025-07-10\ID-411_002606.jpg
992,ID-412,2025-07-10 00:26:08,logs\entries\2025-07-10\ID-412_002608.jpg
993,ID-413,2025-07-10 00:26:09,logs\entries\2025-07-10\ID-413_002609.jpg
994,ID-414,2025-07-10 00:26:12,logs\entries\2025-07-10\ID-414_002612.jpg
995,ID-415,2025-07-10 00:26:15,logs\entries\2025-07-10\ID-415_002615.jpg
996,ID-416,2025-07-10 00:26:16,logs\entries\2025-07-10\ID-416_002616.jpg
997,ID-417,2025-07-10 00:26:18,logs\entries\2025-07-10\ID-417_002618.jpg
998,ID-418,2025-07-10 00:26:23,logs\entries\2025-07-10\ID-418_002623.jpg
999,ID-419,2025-07-10 00:26:25,logs\entries\2025-07-10\ID-419_002625.jpg
1000,ID-420,2025-07-10 00:26:26,logs\entries\2025-07-10\ID-420_002626.jpg
1001,ID-421,2025-07-10 00:26:34,logs\entries\2025-07-10\ID-421_002634.jpg
1002,ID-422,2025-07-10 00:26:37,logs\entries\2025-07-10\ID-422_002637.jpg
1003,ID-423,2025-07-10 00:27:00,logs\entries\2025-07-10\ID-423_002700.jpg
1004,ID-424,2025-07-10 00:27:19,logs\entries\2025-07-10\ID-424_002719.jpg
1005,ID-425,2025-07-10 00:28:24,logs\entries\2025-07-10\ID-425_002824.jpg
1006,ID-426,2025-07-10 00:28:38,logs\entries\2025-07-10\ID-426_002838.jpg
1007,ID-427,2025-07-10 00:28:41,logs\entries\2025-07-10\ID-427_002841.jpg
1008,ID-428,2025-07-10 00:28:45,logs\entries\2025-07-10\ID-428_002845.jpg
1009,ID-429,2025-07-10 00:28:55,logs\entries\2025-07-10\ID-429_002855.jpg
1010,ID-430,2025-07-10 00:29:09,logs\entries\2025-07-10\ID-430_002909.jpg
1011,ID-431,2025-07-10 00:29:23,logs\entries\2025-07-10\ID-431_002923.jpg
1012,ID-432,2025-07-10 00:29:34,logs\entries\2025-07-10\ID-432_002934.jpg
1013,ID-433,2025-07-10 00:29:59,logs\entries\2025-07-10\ID-433_002959.jpg
1014,ID-434,2025-07-10 00:30:01,logs\entries\2025-07-10\ID-434_003001.jpg
1015,ID-435,2025-07-10 00:30:11,logs\entries\2025-07-10\ID-435_003011.jpg
1016,ID-436,2025-07-10 00:30:15,logs\entries\2025-07-10\ID-436_003015.jpg
1017,ID-437,2025-07-10 00:30:17,logs\entries\2025-07-10\ID-437_003017.jpg
1018,ID-438,2025-07-10 00:30:18,logs\entries\2025-07-10\ID-438_003018.jpg
1019,ID-439,2025-07-10 00:30:26,logs\entries\2025-07-10\ID-439_003026.jpg
1020,ID-440,2025-07-10 00:30:29,logs\entries\2025-07-10\ID-440_003029.jpg
1021,ID-441,2025-07-10 00:30:31,logs\entries\2025-07-10\ID-441_003031.jpg
1022,ID-442,2025-07-10 00:30:34,logs\entries\2025-07-10\ID-442_003034.jpg
1023,ID-443,2025-07-10 00:30:40,logs\entries\2025-07-10\ID-443_003040.jpg
